,Ticker
0,AAPL
1,MSFT
2,NVDA
3,GOOGL
4,AMZN
5,META
6,BRK-B
7,AVGO
8,TSM
9,TSLA
10,WMT
11,LLY
12,V
13,JPM
14,UNH
15,SPY
16,MA
17,XOM
18,COST
19,NFLX
20,PG
21,JNJ
22,ORCL
23,HD
24,KO
25,SAP
26,ABBV
27,TMUS
28,BAC
29,NVO
30,BABA
31,PM
32,ASML
33,CRM
34,CVX
35,TM
36,ABT
37,CSCO
38,MCD
39,IBM
40,NVS
41,LIN
42,PLTR
43,AZN
44,WFC
45,T
46,GE
47,PEP
48,MRK
49,SHEL
50,VZ
51,HSBC
52,FMX
53,ACN
54,AXP
55,HDB
56,QQQ
57,RTX
58,MS
59,ISRG
60,NOW
61,TMO
62,IDEXY
63,INTU
64,RY
65,PGR
66,BX
67,GS
68,UL
69,AMGN
70,UBER
71,DIS
72,BKNG
73,QCOM
74,ADBE
75,SPGI
76,TJX
77,BSX
78,AMD
79,SONY
80,CAT
81,SCHW
82,NEE
83,DHR
84,BLK
85,MUFG
86,SYK
87,GILD
88,TXN
89,UNP
90,TTE
91,SNY
92,PDD
93,CMCSA
94,VRTX
95,BUD
96,PFE
97,HON
98,EADSY
99,DE
100,ADP
101,LOW
102,FI
103,BA
104,C
105,BHP
106,CB
107,RTNTF
108,MMC
109,SPOT
110,IBN
111,AIQUY
112,LMT
113,PANW
114,AMAT
115,COP
116,SHOP
117,MDT
118,TD
119,ETN
120,ARM
121,MELI
122,HTHIY
123,AMT
124,SAN
125,BMY
126,SO
127,ELV
128,ENB
129,CFRUY
130,MO
131,WELL
132,CME
133,RELX
134,DUK
135,CRWD
136,KKR
137,PLD
138,WM
139,RIO
140,BTI
141,SBUX
142,ICE
143,CI
144,ANET
145,GEV
146,UBS
147,MCK
148,CVS
149,MDLZ
150,ADI
151,AJG
152,SMFG
153,KLAC
154,SHW
155,CTAS
156,INTC
157,LRCX
158,MSTR
159,HCA
160,TRI
161,AON
162,GLD
163,UPS
164,NKE
165,ORLY
166,BAM
167,NOC
168,APH
169,BBVA
170,APP
171,RACE
172,RSG
173,MU
174,CL
175,MCO
176,EQIX
177,TDG
178,DASH
179,GD
180,TT
181,FTNT
182,BN
183,PBR
184,BP
185,GSK
186,WMB
187,PH
188,APO
189,KDDIY
190,MSI
191,MMM
192,CDNS
193,NGG
194,ABNB
195,INFY
196,SCCO
197,BAESY
198,CP
199,SE
200,BMO
201,ITW
202,EPD
203,ECL
204,IBKR
205,ZTS
206,CMG
207,EQNR
208,CEG
209,SNPS
210,NEM
211,CNI
212,AEM
213,DEO
214,NTES
215,IAU
216,COF
217,WDAY
218,MAR
219,KMI
220,REGN
221,AZO
222,EOG
223,PNC
224,ROP
225,PYPL
226,CNQ
227,AFL
228,USB
229,BNS
230,MFG
231,ET
232,APD
233,TRV
234,BDX
235,DELL
236,CPRT
237,CRH
238,AEP
239,MNST
240,ING
241,LYG
242,ITUB
243,SPG
244,ADSK
245,EMR
246,COR
247,CAIXY
248,CM
249,MBGYY
250,BK
251,JD
252,PTCAY
253,TEAM
254,OKE
255,SHECY
256,PAYX
257,BCS
258,CSX
259,MPLX
260,ALL
261,NU
262,O
263,CARR
264,TRP
265,RCL
266,WCN
267,PSA
268,LNG
269,JCI
270,DLR
271,HLT
272,HWM
273,CODYY
274,MFC
275,NWG
276,MET
277,FDX
278,BMWKY
279,NSC
280,SNOW
281,KDP
282,AIG
283,FCX
284,CHTR
285,GWW
286,EXC
287,TFC
288,AMX
289,KMB
290,FICO
291,SLB
292,TAK
293,ALC
294,FAST
295,GBTC
296,SRE
297,HLN
298,ROST
299,PCAR
300,KR
301,D
302,DB
303,AXON
304,AMP
305,CCI
306,GM
307,KVUE
308,MRVL
309,ARES
310,COIN
311,E
312,MSCI
313,SU
314,NXPI
315,EW
316,PEG
317,LHX
318,NDAQ
319,HMC
320,GLNCY
321,TGT
322,VRSK
323,CTVA
324,CCEP
325,ED
326,XEL
327,HES
328,FLUT
329,YUM
330,PWR
331,PSX
332,WTKWY
333,DFS
334,VST
335,IFNNY
336,RBLX
337,VALE
338,MPC
339,CMI
340,WPM
341,OTIS
342,CPNG
343,FANG
344,PCG
345,OXY
346,URI
347,BKR
348,ABEV
349,TEL
350,DHI
351,TRGP
352,NET
353,EA
354,F
355,TTWO
356,ANYYY
357,AME
358,TCOM
359,FIS
360,GRMN
361,ARGX
362,HOOD
363,SVNDY
364,VEEV
365,ETR
366,GOLD
367,GWLIF
368,GLW
369,ACGL
370,CBRE
371,BSBR
372,PRU
373,CTSH
374,SYY
375,KHC
376,WEC
377,HUM
378,BRO
379,DNZOY
380,VICI
381,VLO
382,HIG
383,HSY
384,CSGP
385,FNV
386,FRFHF
387,STZ
388,XYZ
389,IDXX
390,CAH
391,FER
392,WTW
393,FERG
394,DKILY
395,DIA
396,SLF
397,IMO
398,VMC
399,DDOG
400,ODFL
401,RMD
402,GIS
403,CHT
404,ZS
405,CNC
406,EBAY
407,IT
408,EXR
409,EQT
410,HEI
411,ALNY
412,LULU
413,VTR
414,MLM
415,NVZMY
416,TW
417,TPL
418,A
419,CQP
420,WAB
421,LYV
422,WIT
423,AWK
424,IR
425,AVB
426,K
427,BIDU
428,QSR
429,GEHC
430,HUBS
431,ATEYY
432,DTE
433,BR
434,MDY
435,EFX
436,TEF
437,NOK
438,SAXPY
439,RJF
440,DXCM
441,LEN
442,ONC
443,VRT
444,ROL
445,AEE
446,XYL
447,ERIC
448,MRAAY
449,ANSS
450,TSCO
451,STLA
452,DAL
453,EQR
454,IQV
455,PUK
456,WRB
457,PPL
458,NTR
459,MTB
460,OWL
461,YAHOY
462,ROK
463,CHD
464,NUE
465,DD
466,NTDTY
467,ATO
468,EJPRY
469,TYL
470,EXE
471,IP
472,LPLA
473,SBAC
474,MPWR
475,IRM
476,GDDY
477,RKT
478,PPRUY
479,CCL
480,CNP
481,FTS
482,RYAAY
483,PUBGY
484,CVNA
485,TTD
486,WDS
487,FE
488,CHKP
489,GIB
490,BNTX
491,VRSN
492,DRI
493,KEYS
494,CBOE
495,VOD
496,AU
497,STT
498,BEKE
499,LI
500,FCNCA
501,LVS
502,TU
503,FUJIY
504,MKL
505,PHYS
506,ADM
507,PPG
508,VLTO
509,DOV
510,GFI
511,FTV
512,PHG
513,HPQ
514,BBD
515,FANUY
516,PBA
517,EIX
518,TSN
519,CMS
520,IX
521,UAL
522,HKHHY
523,IOT
524,STE
525,ZM
526,ERIE
527,VG
528,TDY
529,ES
530,CPAY
531,CVE
532,MTD
533,SW
534,NVR
535,TME
536,FOXA
537,CINF
538,GPN
539,CUK
540,MT
541,CHA
542,KB
543,INVH
544,BCE
545,NTRA
546,KOF
547,CJPRY
548,WSO
549,MCHP
550,DIDIY
551,NRG
552,CTRA
553,MKC
554,TELNY
555,CDW
556,DG
557,EXPE
558,TOST
559,DOW
560,HPE
561,LII
562,WBD
563,ZBH
564,WAT
565,TROW
566,DVN
567,RYAN
568,ESS
569,EL
570,PHM
571,SMCI
572,SSNC
573,WY
574,MAA
575,HAL
576,LH
577,RPRX
578,KGC
579,DGX
580,UI
581,NI
582,EC
583,MOH
584,CRWV
585,IFF
586,ESLT
587,XPEV
588,SYF
589,LYB
590,KKPNY
591,HUBB
592,LDOS
593,L
594,CCJ
595,SGSOY
596,FITBI
597,GFL
598,RBA
599,AER
600,VIK
601,STM
602,TS
603,STLD
604,PODD
605,ASX
606,RF
607,SNA
608,OKTA
609,GFS
610,EME
611,PTC
612,PINS
613,BIIB
614,NTRS
615,UMC
616,FNF
617,CLX
618,WSM
619,PKG
620,RDDT
621,NJDCY
622,HRL
623,NTAP
624,TECK
625,JBSAY
626,BULL
627,SHG
628,DKNG
629,SMMT
630,CASY
631,NTNX
632,GRAB
633,YUMC
634,CYBR
635,FDS
636,KSPI
637,OMVKY
638,EBR
639,PFG
640,SUI
641,GWRE
642,TPG
643,ULTA
644,DPZ
645,NMR
646,YPF
647,IHG
648,BF-A
649,EVRG
650,LNT
651,GPC
652,DECK
653,COO
654,SFM
655,UDR
656,CFG
657,KEY
658,DLTR
659,NNGRY
660,DOCU
661,AMH
662,BJ
663,EDPFY
664,CSL
665,TEVA
666,NWSA
667,STX
668,CRBG
669,WST
670,WLMIY
671,ZTO
672,EG
673,GEN
674,ZG
675,FFIV
676,WMG
677,BAP
678,FMS
679,EXPD
680,TLK
681,CHWY
682,DUOL
683,RS
684,VIV
685,DKS
686,BURL
687,WES
688,J
689,BAX
690,TRU
691,EQH
692,LUV
693,TRMB
694,JBL
695,USFD
696,OMC
697,ON
698,BCH
699,RCI
700,CNH
701,SGIOY
702,BAH
703,ARCC
704,LINE
705,KIM
706,PKX
707,GLPI
708,ARE
709,UNM
710,AMCR
711,WPC
712,ONON
713,BALL
714,AVY
715,VDMCY
716,RPM
717,PNR
718,BIP
719,PSTG
720,FSLR
721,BEP
722,GGG
723,ELS
724,BSY
725,DOC
726,SNAP
727,CNA
728,TWLO
729,TPR
730,MAS
731,RIVN
732,BLDR
733,REG
734,DT
735,MDB
736,EMRAF
737,UTHR
738,AGI
739,HOLX
740,AFRM
741,PPC
742,CG
743,SBS
744,INSM
745,BBY
746,JKHY
747,MNDY
748,JBHT
749,PRMB
750,CF
751,IEX
752,JBAXY
753,AS
754,GMAB
755,ACM
756,RL
757,SJM
758,RGLD
759,WDC
760,PAA
761,FIX
762,ACI
763,COKE
764,PAYC
765,ALGN
766,RGA
767,TKO
768,NDEKY
769,CPT
770,TAP
771,CW
772,CAG
773,BNT
774,SGI
775,SSMXY
776,MORN
777,TXT
778,SYM
779,RDEIY
780,FLEX
781,ICLR
782,RNR
783,PFGC
784,ILMN
785,APTV
786,OC
787,TKHVY
788,GGAL
789,GME
790,RBRK
791,SOFI
792,RKUNY
793,JNPR
794,WLK
795,DVA
796,THC
797,POAHY
798,PNDRY
799,UHS
800,ZBRA
801,POOL
802,SOLV
803,RDY
804,SNN
805,BMRN
806,IHICY
807,KNSL
808,RVTY
809,INCY
810,SUZ
811,PNW
812,TER
813,HMY
814,BXP
815,FUTU
816,JPXGY
817,OHI
818,MMYT
819,WTRG
820,CPB
821,SCI
822,CLH
823,ULS
824,BSAC
825,KEP
826,LAMR
827,HTHT
828,RTO
829,LBRDA
830,CART
831,XPO
832,AKAM
833,ALLE
834,AFG
835,LKQ
836,AR
837,TXRH
838,PEN
839,HLI
840,CHRW
841,NLY
842,YMM
843,EWBC
844,LOGI
845,FTI
846,EHC
847,TTAN
848,AVTR
849,PSO
850,AUR
851,BG
852,ALSMY
853,NDSN
854,SLV
855,ITT
856,PCTY
857,SN
858,UHAL
859,EXEL
860,H
861,GL
862,PAAS
863,MUSA
864,RBC
865,WWD
866,ENTG
867,UUGRY
868,BZLFY
869,STN
870,PAG
871,JLL
872,LECO
873,KIKOY
874,ALLY
875,MBLY
876,CRRFY
877,CCK
878,NBIX
879,CAVA
880,DOCS
881,KMX
882,CIB
883,MANH
884,GMED
885,GLIBA
886,AIZ
887,DTM
888,UWMC
889,MRNA
890,AEG
891,CNM
892,SQM
893,ATR
894,NICE
895,BZZUY
896,APG
897,FTAI
898,BWXT
899,CELH
900,BRBR
901,HST
902,DRS
903,X
904,ASND
905,ORI
906,BROS
907,PAC
908,WBA
909,JHX
910,DOX
911,ALAB
912,CACI
913,PR
914,BEN
915,SAIL
916,BPYPP
917,CLS
918,LTM
919,MTZ
920,TLN
921,TOL
922,OGE
923,FYBR
924,MGA
925,HNGKY
926,AOS
927,MEDP
928,SEIC
929,RKLB
930,WIX
931,CUBE
932,QGEN
933,PCOR
934,DSGX
935,EMN
936,VTRS
937,FHN
938,PTBRY
939,BIRK
940,SWK
941,ASR
942,DSEEY
943,IPG
944,JEF
945,SNX
946,SKM
947,SF
948,DAY
949,KT
950,OVV
951,MOS
952,WF
953,CHE
954,VNOM
955,CRS
956,HRB
957,HII
958,LKNCY
959,SSB
960,SARO
961,ARMK
962,MKTX
963,PRI
964,HESM
965,ADC
966,SWKS
967,ROKU
968,COHR
969,SAIA
970,DLAKY
971,G
972,CIEN
973,EGP
974,EPAM
975,INGR
976,RRC
977,AIT
978,MASI
979,OUKPY
980,ICL
981,NVT
982,AM
983,MGM
984,USO
985,BLD
986,ESTC
987,CR
988,REXR
989,TTEK
990,LOAR
991,WMS
992,KAIKY
993,FRT
994,NYT
995,CBSH
996,APPF
997,PLNT
998,TECH
999,ERJ
1000,AGNC
1001,DBX
1002,EXAS
1003,FSV
1004,NIO
1005,MLI
1006,SFD
1007,NNN
1008,HSIC
1009,WYNN
1010,BERY
1011,CSXXY
1012,SUN
1013,BRX
1014,HLNE
1015,WPP
1016,BCUCY
1017,VRNA
1018,PARA
1019,BECN
1020,FRHC
1021,CX
1022,LW
1023,U
1024,JCYGY
1025,AXS
1026,CAE
1027,CWST
1028,ALSN
1029,DCI
1030,WBS
1031,FND
1032,ENSG
1033,LAD
1034,CHDN
1035,IDKOY
1036,XP
1037,GPK
1038,RGEN
1039,EXLS
1040,PNFP
1041,TIMB
1042,HAS
1043,FNMA
1044,EDU
1045,VFS
1046,WAL
1047,MTCH
1048,EXP
1049,NFG
1050,HALO
1051,COOP
1052,CFR
1053,CFLT
1054,ROIV
1055,RLI
1056,AES
1057,NCLH
1058,HQY
1059,MTSI
1060,WCC
1061,AYI
1062,TEM
1063,UGI
1064,KVYO
1065,SKX
1066,SRAD
1067,LCID
1068,ASTS
1069,DLB
1070,OBDC
1071,EVR
1072,VNO
1073,PSN
1074,GAP
1075,CMA
1076,LNTH
1077,GTLB
1078,ESAB
1079,KD
1080,MIDD
1081,BMA
1082,FOUR
1083,BIO
1084,SIRI
1085,CORT
1086,ENPH
1087,AXTA
1088,WTFC
1089,OTEX
1090,LTH
1091,ALV
1092,OLLI
1093,BFAM
1094,ADT
1095,RVMD
1096,EAT
1097,BILI
1098,MDGL
1099,AZEK
1100,CMS-PB
1101,CVLT
1102,LNW
1103,TTC
1104,MYTHY
1105,GNRC
1106,WTS
1107,UMBF
1108,POST
1109,KBR
1110,FN
1111,BXSL
1112,AAON
1113,UELMO
1114,IDA
1115,TFII
1116,FR
1117,ATI
1118,DUFRY
1119,EBCOY
1120,ZION
1121,AA
1122,RRX
1123,BBIO
1124,STWD
1125,TGE
1126,AN
1127,VIPS
1128,WH
1129,MHK
1130,SATS
1131,PDI
1132,WAY
1133,UFPI
1134,PB
1135,CRDO
1136,STAG
1137,BZ
1138,AAL
1139,YKLTY
1140,KNX
1141,SSD
1142,GIL
1143,VERX
1144,ONB
1145,JAZZ
1146,ALB
1147,FBIN
1148,FAF
1149,WING
1150,LEGN
1151,CRVL
1152,STVN
1153,EPRT
1154,AGCO
1155,CEF
1156,HIMS
1157,SPXC
1158,TGTX
1159,FCN
1160,NGKSY
1161,VIRT
1162,QXO
1163,LRN
1164,THG
1165,CWAN
1166,BBWI
1167,GRFS
1168,PEGA
1169,TRNO
1170,BPOP
1171,LPX
1172,CHH
1173,WFG
1174,TAL
1175,NXT
1176,BOKF
1177,CCCS
1178,CACC
1179,MTG
1180,PSLV
1181,CIGI
1182,AWI
1183,CRK
1184,IONQ
1185,CWEN
1186,R
1187,SPXSY
1188,TREX
1189,BRFS
1190,BRKR
1191,CIG
1192,PATH
1193,TFX
1194,ESNT
1195,SNV
1196,BWA
1197,USM
1198,COLD
1199,IVZ
1200,TLX
1201,FLR
1202,CUYTY
1203,S
1204,MSA
1205,LSCC
1206,SAIC
1207,HR
1208,VMI
1209,APA
1210,STEP
1211,LEVI
1212,GH
1213,FLS
1214,GTLS
1215,SLM
1216,TMHC
1217,NSA
1218,OSK
1219,VOYA
1220,SIGI
1221,CHRD
1222,BMI
1223,ONTO
1224,ALK
1225,ACIW
1226,GLBE
1227,FCFS
1228,CTRE
1229,FSK
1230,TX
1231,MMSI
1232,KEX
1233,RITM
1234,ELP
1235,OPCH
1236,BYD
1237,NEU
1238,GATX
1239,DINO
1240,SWX
1241,INFA
1242,BKGFY
1243,BCPC
1244,OLED
1245,ACT
1246,CZR
1247,TKC
1248,SLGN
1249,QFIN
1250,OMF
1251,KNF
1252,GGB
1253,BPMC
1254,SRPT
1255,QRVO
1256,ARW
1257,HOMB
1258,MTN
1259,JXN
1260,CRL
1261,LB
1262,LNC
1263,MOG-A
1264,TIGO
1265,LOPE
1266,CADE
1267,SOBO
1268,IDCC
1269,GPI
1270,PHI
1271,LANC
1272,KTOS
1273,BRRLY
1274,AXSM
1275,RHP
1276,PJT
1277,MTDR
1278,NVMI
1279,NJR
1280,ZWS
1281,ADMA
1282,ESGR
1283,NUVL
1284,JBTM
1285,CROX
1286,DDS
1287,BBAR
1288,PAM
1289,CSWI
1290,SITE
1291,PECO
1292,GKOS
1293,RHI
1294,REYN
1295,PFSI
1296,NBIS
1297,TGS
1298,TXNM
1299,SPSC
1300,RMBS
1301,BCKIY
1302,ZK
1303,AHR
1304,JHG
1305,WEX
1306,MNSO
1307,GNTX
1308,UBSI
1309,BEPC
1310,SKLTY
1311,LSTR
1312,POR
1313,KRG
1314,CHX
1315,MAT
1316,CMC
1317,KRYS
1318,GLOB
1319,IAG
1320,SMBMY
1321,DAR
1322,FFIN
1323,FMC
1324,MAIN
1325,OGS
1326,FG
1327,CYTK
1328,AL
1329,OS
1330,SKY
1331,ROYMY
1332,ITRI
1333,COLB
1334,VRNS
1335,VLY
1336,NOV
1337,CNX
1338,FSS
1339,VIST
1340,CALM
1341,LYFT
1342,SR
1343,ETSY
1344,AMTM
1345,QTWO
1346,ESI
1347,WTM
1348,MP
1349,KRMN
1350,SNDK
1351,MSGS
1352,CLBT
1353,IONS
1354,JOBY
1355,IRT
1356,CUZ
1357,MTH
1358,NXST
1359,ENIC
1360,CRUS
1361,AMG
1362,OZK
1363,ALKS
1364,GBCI
1365,RDN
1366,OR
1367,TFPM
1368,BTG
1369,VNT
1370,QLYS
1371,IEP
1372,FNB
1373,URBN
1374,PAGP
1375,ERELY
1376,BKH
1377,DY
1378,SBRA
1379,ROAD
1380,IBP
1381,INSP
1382,BOX
1383,DJT
1384,FLG
1385,SON
1386,TKR
1387,WHR
1388,ORA
1389,GTES
1390,WSC
1391,CBZ
1392,ABG
1393,CBT
1394,RUSHA
1395,BIPC
1396,MARA
1397,VVV
1398,NSIT
1399,MSM
1400,STRL
1401,HXL
1402,RRR
1403,MSSMY
1404,BLCO
1405,CE
1406,GEO
1407,MKSI
1408,BILL
1409,AGO
1410,HWC
1411,TDS
1412,EGO
1413,LEA
1414,AROC
1415,AB
1416,BGC
1417,SIM
1418,NOVT
1419,AQN
1420,ELAN
1421,GSHD
1422,EEFT
1423,FIZZ
1424,INTA
1425,EXPO
1426,ITGR
1427,AVAV
1428,PLMR
1429,SANM
1430,BE
1431,MGY
1432,COTY
1433,JWN
1434,CGNX
1435,AVT
1436,VFC
1437,GHC
1438,CDE
1439,FELE
1440,ATGE
1441,PBH
1442,GXO
1443,PIPR
1444,RYN
1445,RELY
1446,HACBY
1447,SLG
1448,COMP
1449,PIII
1450,AMKR
1451,MRP
1452,OMAB
1453,MWA
1454,GRND
1455,SPR
1456,DNB
1457,MOD
1458,CNR
1459,GDS
1460,ESE
1461,GLNG
1462,NNI
1463,TENB
1464,FLO
1465,MMS
1466,CNO
1467,BVN
1468,RYTM
1469,TEO
1470,SNEX
1471,SNDR
1472,TSEM
1473,FRSH
1474,HL
1475,TNET
1476,ALE
1477,SFBS
1478,CNS
1479,RDNT
1480,WK
1481,SEE
1482,MAC
1483,KRC
1484,FRPT
1485,ACHR
1486,SGHC
1487,ACA
1488,ALHC
1489,VCTR
1490,CVCO
1491,LFUS
1492,SNRE
1493,INGM
1494,SMPL
1495,BCO
1496,FROG
1497,LBTYA
1498,KMPR
1499,UPST
1500,PCVX
1501,GBDC
1502,ORLA
1503,EPR
1504,SLVYY
1505,BDC
1506,VRN
1507,IESC
1508,IBOC
1509,ABCB
1510,NWSGY
1511,CPA
1512,KAI
1513,COLM
1514,PTCT
1515,SKT
1516,PAY
1517,THO
1518,MC
1519,KBH
1520,PVH
1521,AUB
1522,BANF
1523,GOLF
1524,NWE
1525,IFS
1526,NHI
1527,LITE
1528,YOU
1529,CLF
1530,ARLP
1531,BCC
1532,ASAN
1533,DNP
1534,SBSW
1535,PRGO
1536,SKYW
1537,JGSMY
1538,VRRM
1539,MDU
1540,FIVE
1541,SHAK
1542,TFSL
1543,AKO-A
1544,ICUI
1545,DORM
1546,ANF
1547,FMCC
1548,SVMB
1549,LUMN
1550,AVA
1551,SLFPY
1552,AX
1553,ALGM
1554,ROHCY
1555,AMRX
1556,GVA
1557,HEES
1558,MGEE
1559,ACLX
1560,CNK
1561,ATAT
1562,HHH
1563,EQX
1564,OTTR
1565,IPAR
1566,FRO
1567,STNE
1568,AG
1569,WU
1570,HRI
1571,PLXS
1572,AVAL
1573,ZLAB
1574,MPW
1575,GFF
1576,UNF
1577,RARE
1578,ASB
1579,ENS
1580,MATX
1581,WFRD
1582,CRSP
1583,NEA
1584,AEIS
1585,BRC
1586,ADOOY
1587,SLNO
1588,KFY
1589,MIR
1590,BNL
1591,IGT
1592,FUN
1593,TGLS
1594,CRC
1595,OSIS
1596,LAZ
1597,SXT
1598,IRTC
1599,W
1600,UGP
1601,MRRTY
1602,NSP
1603,GBTG
1604,OSCR
1605,PRIM
1606,BXMT
1607,CPK
1608,AWR
1609,M
1610,RNA
1611,NE
1612,HGV
1613,SOUN
1614,ATHM
1615,PCH
1616,PEGRY
1617,FHI
1618,GPOR
1619,CNXC
1620,BUR
1621,EE
1622,AMED
1623,CDP
1624,HIW
1625,BSM
1626,CWT
1627,BLKB
1628,OKLO
1629,HTGC
1630,SITM
1631,VEON
1632,NPO
1633,NOMD
1634,ZNKKY
1635,KTB
1636,TCBI
1637,SHC
1638,AVPT
1639,WDFC
1640,BRZE
1641,NGD
1642,HGTY
1643,KGS
1644,UCB
1645,TBBB
1646,AKRO
1647,MUR
1648,CAAP
1649,BTSG
1650,MCY
1651,FBP
1652,FULT
1653,USAC
1654,EBC
1655,PRVA
1656,SHZNY
1657,WNS
1658,HASI
1659,BWIN
1660,MRUS
1661,PRCT
1662,BHF
1663,LAUR
1664,FTDR
1665,ABM
1666,HAE
1667,ZI
1668,SMG
1669,SLAB
1670,ST
1671,BC
1672,RH
1673,TMDX
1674,PSMT
1675,FUL
1676,MRCY
1677,SWTX
1678,CBU
1679,ELF
1680,BL
1681,AVNT
1682,OGN
1683,LPL
1684,PTGX
1685,GRP-UN
1686,FHB
1687,DGNX
1688,FCPT
1689,CARG
1690,PDCO
1691,CCU
1692,MRX
1693,MHO
1694,ALIT
1695,SRRK
1696,HBM
1697,UTG
1698,APLE
1699,WGS
1700,KC
1701,NCNO
1702,WSFS
1703,CRNX
1704,ATMU
1705,DEI
1706,GT
1707,WSBC
1708,GNW
1709,LIF
1710,BOOT
1711,CPRX
1712,TNL
1713,HOG
1714,CATY
1715,SGRY
1716,GMS
1717,SAM
1718,FIBK
1719,DRVN
1720,BTSGY
1721,RSI
1722,ZETA
1723,RLX
1724,RNST
1725,NXE
1726,CON
1727,TPH
1728,PATK
1729,KNTK
1730,DXC
1731,NMIH
1732,IAC
1733,CIVI
1734,VKTX
1735,USLM
1736,ASGN
1737,NAD
1738,NMRK
1739,IRDM
1740,TAC
1741,JJSF
1742,CAMT
1743,NVST
1744,LFST
1745,CCOI
1746,MGRC
1747,HAYW
1748,AI
1749,XENE
1750,DOCN
1751,BOH
1752,ALKT
1753,SM
1754,HURN
1755,PAGS
1756,CXT
1757,HWKN
1758,SEB
1759,TGNA
1760,ALVO
1761,STR
1762,WD
1763,ALRM
1764,AKR
1765,IMVT
1766,SAND
1767,GEF
1768,POWI
1769,WHD
1770,XRAY
1771,HCC
1772,ACVA
1773,INTR
1774,NMAX
1775,DLO
1776,NVG
1777,JOE
1778,WEN
1779,ASO
1780,APAM
1781,CVBF
1782,BATRA
1783,AZZ
1784,GRBK
1785,VCYT
1786,DOOO
1787,GSAT
1788,SLVM
1789,ACAD
1790,PRGS
1791,SMSEY
1792,AYR
1793,HCM
1794,CLVT
1795,CURB
1796,WRD
1797,ATS
1798,CSQ
1799,PTY
1800,CXW
1801,CAR
1802,FA
1803,UTF
1804,GENI
1805,INDB
1806,MANU
1807,RUM
1808,DBC
1809,UE
1810,OUT
1811,SIG
1812,JPC
1813,WOR
1814,ASH
1815,EXG
1816,CSAN
1817,GOF
1818,MAN
1819,PRKS
1820,MLTX
1821,AFLYY
1822,PRK
1823,ENVA
1824,RGTI
1825,OLN
1826,SG
1827,BKU
1828,GCMG
1829,LXP
1830,MCW
1831,CAKE
1832,PAYO
1833,APLS
1834,AESI
1835,SFNC
1836,UAA
1837,WLY
1838,LU
1839,AGL
1840,NOG
1841,PTEN
1842,TWST
1843,ODD
1844,WAFD
1845,CALX
1846,NZF
1847,HUN
1848,TEX
1849,REZI
1850,SSRM
1851,SMTC
1852,ACHC
1853,YETI
1854,VSEC
1855,PAR
1856,SSL
1857,BFH
1858,RIOT
1859,RNW
1860,TTAM
1861,VIAV
1862,BANC
1863,YELP
1864,CERT
1865,TR
1866,SKWD
1867,IPGP
1868,CHEF
1869,TBBK
1870,WMK
1871,PTON
1872,IBRX
1873,VAL
1874,IOSP
1875,PENN
1876,FFBC
1877,PSNY
1878,ADX
1879,NHNKY
1880,IVT
1881,EVTC
1882,JOYY
1883,CRGY
1884,SEM
1885,RXO
1886,HAFN
1887,RXRX
1888,EPAC
1889,FRME
1890,VICR
1891,CENT
1892,UEC
1893,BANR
1894,ESRT
1895,FOLD
1896,ETY
1897,RNG
1898,ABR
1899,TARS
1900,SID
1901,TRN
1902,CLSK
1903,ALG
1904,VTMX
1905,AGX
1906,VCEL
1907,MBUMY
1908,LGND
1909,MLCO
1910,QS
1911,FSM
1912,POWL
1913,GDV
1914,DKL
1915,PFS
1916,KAR
1917,OXLC
1918,SYBT
1919,KYN
1920,TRMK
1921,MQ
1922,APPN
1923,HP
1924,ATKR
1925,DFH
1926,FORM
1927,SBCF
1928,DV
1929,CORZ
1930,SAH
1931,STRA
1932,NEXT
1933,TDC
1934,AIN
1935,PK
1936,TGI
1937,HUBG
1938,ECG
1939,LMND
1940,PINC
1941,PROK
1942,HNI
1943,NWL
1944,SMR
1945,ROOT
1946,MTSR
1947,AIR
1948,RIG
1949,SPNT
1950,LMAT
1951,LIVN
1952,VC
1953,ENR
1954,AGYS
1955,CWK
1956,BB
1957,LCII
1958,MIRM
1959,TSLX
1960,HG
1961,BHVN
1962,ENLT
1963,CLOV
1964,FBK
1965,SJW
1966,NBTB
1967,PLTK
1968,TTMI
1969,AAP
1970,WB
1971,HTH
1972,LBRT
1973,QBTS
1974,APGE
1975,PPBI
1976,BLTE
1977,NXRT
1978,ESBA
1979,SYNA
1980,EVCM
1981,ADUS
1982,FINV
1983,STC
1984,DNLI
1985,CXM
1986,PGNY
1987,PII
1988,PI
1989,GTX
1990,BBU
1991,MEOH
1992,MYRG
1993,AMBA
1994,CVI
1995,NATL
1996,VAC
1997,USA
1998,AGM
1999,BUSE
2000,SSII
2001,HE
2002,MTX
2003,LION
2004,SDGR
2005,CMBT
2006,NUV
2007,CDLR
2008,FLOC
2009,SMA
2010,EFSC
2011,FIHL
2012,ENOV
2013,KWR
2014,CCS
2015,ARDT
2016,PBF
2017,AAPG
2018,AEO
2019,SOC
2020,COCO
2021,NAMS
2022,OSW
2023,BKE
2024,GNL
2025,OII
2026,CLM
2027,ZGN
2028,NVCR
2029,GDRX
2030,LGF-A
2031,CSGS
2032,SUPN
2033,NWN
2034,WRBY
2035,STNG
2036,GLP
2037,AILIH
2038,BBUC
2039,QDEL
2040,FIVN
2041,DNOW
2042,UPWK
2043,PRDO
2044,WERN
2045,MSDL
2046,GEL
2047,BHC
2048,CEPU
2049,VRE
2050,TDW
2051,IHS
2052,JANX
2053,CASH
2054,PDO
2055,OI
2056,EDN
2057,HMN
2058,CHCO
2059,MAG
2060,PLYA
2061,SHO
2062,KLG
2063,GLPG
2064,TRIP
2065,CC
2066,RAMP
2067,NIC
2068,NDOI
2069,IQ
2070,BEAM
2071,AFYA
2072,MTRN
2073,DHT
2074,SXI
2075,KYMR
2076,AAPI
2077,ZIM
2078,LTC
2079,OFG
2080,GAB
2081,PHIN
2082,DESP
2083,AMBP
2084,DAN
2085,HRMY
2086,GTY
2087,SBLK
2088,NTB
2089,STEW
2090,AVDX
2091,EVT
2092,CRTO
2093,SUPV
2094,RQI
2095,ATRC
2096,PONY
2097,DBD
2098,INSW
2099,DIOD
2100,CNTA
2101,AGIO
2102,HCI
2103,UFPT
2104,PSEC
2105,MNR
2106,KLIC
2107,NN
2108,SPB
2109,ARWR
2110,RVT
2111,AMR
2112,CNXN
2113,LZB
2114,NAC
2115,CPRI
2116,CARCY
2117,ICFI
2118,PLUS
2119,VVX
2120,OUTKY
2121,ROCK
2122,EXTR
2123,PAX
2124,CTRI
2125,ARIS
2126,HBI
2127,REVG
2128,TRMD
2129,CGON
2130,FDP
2131,FBNC
2132,ARQT
2133,UTI
2134,LOMA
2135,BCRX
2136,TY
2137,GRDN
2138,ANIP
2139,CNMD
2140,KNSA
2141,HLMN
2142,ASTH
2143,PBI
2144,FCF
2145,CGAU
2146,GB
2147,DRD
2148,ARCO
2149,PRM
2150,MBIN
2151,NFE
2152,AAT
2153,BTU
2154,SPNS
2155,SILA
2156,SPRY
2157,ATEC
2158,UNFI
2159,BKV
2160,ECAT
2161,VSH
2162,DBRG
2163,MBC
2164,KMT
2165,VITL
2166,RPD
2167,KEN
2168,TRUP
2169,OMCL
2170,BCAT
2171,DRH
2172,BAK
2173,MSGE
2174,NYAX
2175,NWBI
2176,IIPR
2177,RUN
2178,FAURY
2179,SKE
2180,NTCT
2181,ETV
2182,CENX
2183,SHOO
2184,GO
2185,HI
2186,DAC
2187,BMEZ
2188,SEZL
2189,NHC
2190,ACLS
2191,GOGL
2192,JAMF
2193,BWLP
2194,HYT
2195,EPC
2196,CUBI
2197,PACS
2198,BDJ
2199,IRON
2200,UMH
2201,CLBK
2202,CABO
2203,IDYA
2204,HSAI
2205,LKFN
2206,MGNI
2207,BLX
2208,CMGMY
2209,STGW
2210,RVLV
2211,BTDR
2212,MCRI
2213,PHR
2214,BTT
2215,SVV
2216,PWP
2217,MNKD
2218,PD
2219,EXPI
2220,DMLP
2221,IMCR
2222,LNN
2223,EWTX
2224,SII
2225,ARCB
2226,ELME
2227,LSPD
2228,FORTY
2229,NBHC
2230,STEL
2231,GSG
2232,SPH
2233,DVAX
2234,SIMO
2235,KRP
2236,WKC
2237,GBX
2238,NTST
2239,SRCE
2240,CMRF
2241,LZMH
2242,VERA
2243,ZD
2244,GABC
2245,MESO
2246,NRP
2247,ETG
2248,KLC
2249,TNK
2250,STBA
2251,TNC
2252,DOLE
2253,BOW
2254,HTZ
2255,OPRA
2256,BTE
2257,FSCO
2258,ADEA
2259,DSL
2260,SEMR
2261,CRI
2262,KMTS
2263,TALO
2264,SA
2265,ANDE
2266,JBGS
2267,BXMX
2268,TVTX
2269,LADR
2270,BKD
2271,MLNK
2272,BV
2273,TMC
2274,USAR
2275,BHE
2276,LGIH
2277,VNET
2278,CODI
2279,UVV
2280,BTX
2281,CET
2282,AGLY
2283,IDT
2284,FLNG
2285,LZ
2286,CDRE
2287,GTBIF
2288,DXPE
2289,KN
2290,ACMR
2291,VSCO
2292,PX
2293,KARO
2294,SEI
2295,NEO
2296,CSTM
2297,GSBD
2298,NABL
2299,MMI
2300,TCBK
2301,WABC
2302,WS
2303,RBCAA
2304,DSGR
2305,ALEX
2306,CCB
2307,AMC
2308,SDRL
2309,IART
2310,WT
2311,TDOC
2312,IREN
2313,DNN
2314,HOPE
2315,EVRI
2316,JBLU
2317,LUCK
2318,PRA
2319,IBTA
2320,TUYA
2321,WINA
2322,EIG
2323,UTZ
2324,BSTZ
2325,HDL
2326,EVO
2327,IRS
2328,VBTX
2329,CLDX
2330,IMKTA
2331,UPBD
2332,DFIN
2333,AZTA
2334,TFIN
2335,LQDA
2336,TASK
2337,SAFT
2338,LX
2339,IMAX
2340,OCSL
2341,ATEN
2342,NMZ
2343,GAM
2344,TIGR
2345,INVA
2346,INDV
2347,TPC
2348,COUR
2349,HUT
2350,ARI
2351,TNDM
2352,NAVI
2353,FWRG
2354,TWO
2355,MODG
2356,MD
2357,IGIC
2358,AGRO
2359,ERO
2360,MSEX
2361,BFS
2362,PCRX
2363,QCRH
2364,OPK
2365,HPK
2366,NGVT
2367,PLSE
2368,ARR
2369,DX
2370,CRAI
2371,EVV
2372,SPT
2373,OCUL
2374,PLAB
2375,DCOM
2376,TIC
2377,SCS
2378,THS
2379,UNIT
2380,KBDC
2381,PMT
2382,FNA
2383,ADPT
2384,HIMX
2385,ENVX
2386,QQQX
2387,SAFE
2388,EOSE
2389,AMTD
2390,AIV
2391,LEU
2392,AMPH
2393,BST
2394,CTS
2395,BHLB
2396,EXK
2397,VYX
2398,FLYW
2399,ARDX
2400,EFC
2401,LOB
2402,EXOD
2403,CNNE
2404,BRDG
2405,EVH
2406,TILE
2407,BGM
2408,NGVC
2409,PCT
2410,GDYN
2411,XMTR
2412,AHCO
2413,AIUG
2414,RDFN
2415,MFIC
2416,JFR
2417,AMPL
2418,CMPO
2419,DAVE
2420,BY
2421,EVEX
2422,CMRE
2423,BLBD
2424,VSAT
2425,ARHS
2426,WBTN
2427,AUPH
2428,NFJ
2429,FL
2430,RES
2431,LC
2432,SCL
2433,INVX
2434,MLKN
2435,PFBC
2436,ATUS
2437,BBSI
2438,EOS
2439,INOD
2440,CMPR
2441,CGBD
2442,MRTN
2443,VECO
2444,FPF
2445,IAS
2446,GPCR
2447,USPH
2448,EH
2449,DAVA
2450,BLFS
2451,RLJ
2452,HLIT
2453,BFC
2454,PRG
2455,NIKA
2456,GIII
2457,SFL
2458,NG
2459,NMFC
2460,ENFN
2461,XHR
2462,VRTS
2463,LILA
2464,CSR
2465,ALX
2466,PTA
2467,PZZA
2468,NVEE
2469,VRDN
2470,CCEC
2471,TPB
2472,GMRE
2473,INMD
2474,CDNA
2475,PEB
2476,HSTM
2477,OLO
2478,SHCO
2479,IOVA
2480,NVAX
2481,YALA
2482,WTTR
2483,APOG
2484,VRNT
2485,VET
2486,NEOG
2487,CSWC
2488,HLX
2489,WLFC
2490,PGRE
2491,PEBO
2492,AAMI
2493,RNP
2494,TXG
2495,KUBR
2496,AORT
2497,ML
2498,VSTS
2499,BBN
2500,DGII
2501,MDXG
2502,MUC
2503,ACEL
2504,EAI
2505,LMB
2506,FOR
2507,PL
2508,ROG
2509,FUBO
2510,LQDT
2511,NMM
2512,XPRO
2513,PPTA
2514,CNL
2515,BCSF
2516,BTZ
2517,SBR
2518,ARMN
2519,AMSF
2520,OBK
2521,REAX
2522,UTL
2523,DEC
2524,TV
2525,SNDX
2526,FSUN
2527,SDHC
2528,CBRL
2529,TBLA
2530,UUUU
2531,ARLO
2532,SBGI
2533,KW
2534,PDX
2535,DAO
2536,AMBR
2537,HEPS
2538,GOGO
2539,DQ
2540,SONO
2541,OPFI
2542,OCFC
2543,ADNT
2544,FBRT
2545,BBDC
2546,PNTG
2547,EYE
2548,SPHR
2549,UDMY
2550,RDWR
2551,WVE
2552,NBXG
2553,ECC
2554,TRIN
2555,VTEX
2556,DEA
2557,CIM
2558,MFA
2559,DCBO
2560,GRAL
2561,AVAH
2562,PLUG
2563,TSAT
2564,FVRR
2565,CRCT
2566,LEG
2567,DYN
2568,BRKL
2569,QNST
2570,KALU
2571,CAPL
2572,AWF
2573,MRC
2574,NRK
2575,COLL
2576,EZPW
2577,APLD
2578,QUBT
2579,GRC
2580,PRSU
2581,WULF
2582,SGML
2583,MOMO
2584,CTBI
2585,ESTA
2586,MLYS
2587,LPG
2588,PENG
2589,KRNT
2590,LUNR
2591,NVGS
2592,HLIO
2593,WWW
2594,TIPT
2595,RUPRF
2596,OCS
2597,KFRC
2598,GIC
2599,BELFA
2600,MXL
2601,PSFE
2602,SVM
2603,BALY
2604,SKYH
2605,JBI
2606,LOT
2607,WOOF
2608,PFLT
2609,ETW
2610,DCO
2611,ETNB
2612,IIIV
2613,SBSI
2614,AOD
2615,WGO
2616,RCUS
2617,THR
2618,EFXT
2619,IE
2620,SLRC
2621,CIFR
2622,UCTT
2623,CRESY
2624,HROW
2625,RDUS
2626,TMP
2627,TRS
2628,CNOB
2629,EUBG
2630,CLMT
2631,WLKP
2632,GHLD
2633,SBH
2634,VTOL
2635,TROX
2636,AMAL
2637,EMO
2638,ERII
2639,CNCK
2640,XIFR
2641,AMWD
2642,CMRX
2643,ATRO
2644,PCN
2645,KOS
2646,PDM
2647,NEXA
2648,HSII
2649,BLND
2650,VTS
2651,STAA
2652,THQ
2653,FOXF
2654,DSP
2655,AMTB
2656,ELVN
2657,HQH
2658,CRF
2659,AVDL
2660,ALGT
2661,ATLC
2662,SABR
2663,MQY
2664,GERN
2665,SXC
2666,PRLB
2667,NSSC
2668,JBSS
2669,HTD
2670,KRO
2671,ABL
2672,TRNS
2673,EVER
2674,SSYS
2675,VMEO
2676,UVSP
2677,ASTE
2678,UAN
2679,PHK
2680,OLPX
2681,EVGO
2682,NNE
2683,ZYME
2684,NCDL
2685,YEXT
2686,FMBH
2687,JKS
2688,DK
2689,BASE
2690,CHY
2691,GRPN
2692,PHVS
2693,CTOS
2694,PRO
2695,FSLY
2696,GOOS
2697,HELE
2698,NX
2699,COMM
2700,FUFU
2701,BHRB
2702,HUYA
2703,PTLO
2704,UXIN
2705,GYRE
2706,AVXL
2707,NUTX
2708,RDW
2709,HFWA
2710,VIR
2711,SYRE
2712,DBA
2713,RC
2714,CWH
2715,CII
2716,MYGN
2717,SCSC
2718,CBL
2719,RSKD
2720,AC
2721,MRNO
2722,FFC
2723,THRM
2724,GSL
2725,CHI
2726,MTAL
2727,HCKT
2728,SEDG
2729,ACDC
2730,BJRI
2731,DLY
2732,BBAI
2733,EOI
2734,EEX
2735,ABCL
2736,AVO
2737,WDI
2738,FPH
2739,RWT
2740,NRIX
2741,AMSC
2742,XPEL
2743,PGY
2744,NTLA
2745,CARS
2746,WRLD
2747,MSIF
2748,CVAC
2749,AACT
2750,ULCC
2751,SHEN
2752,FCBC
2753,HCSG
2754,CGNT
2755,WEAV
2756,RA
2757,AMN
2758,ECPG
2759,FMCB
2760,MYI
2761,ACP
2762,CECO
2763,JQC
2764,HBT
2765,RYI
2766,UFCS
2767,DAWN
2768,ORC
2769,PAHC
2770,PARR
2771,TXO
2772,AXGN
2773,ECVT
2774,CRON
2775,MEGI
2776,CFFN
2777,GETY
2778,NBBK
2779,BCX
2780,PLPC
2781,KSS
2782,WSR
2783,ECO
2784,NXP
2785,DNUT
2786,REX
2787,CPF
2788,GGN
2789,MCBS
2790,PAXS
2791,TIXT
2792,GDEN
2793,HY
2794,PDFS
2795,AHH
2796,MYTE
2797,IGR
2798,GOTU
2799,CINT
2800,XNCR
2801,EMBC
2802,ULH
2803,OPEN
2804,SPTN
2805,BFST
2806,AIO
2807,BH-A
2808,ITRN
2809,ETD
2810,OEC
2811,OSBC
2812,ESQ
2813,PLYM
2814,TCNNF
2815,KRUS
2816,PRAA
2817,TH
2818,VZLA
2819,FIGS
2820,FLNC
2821,MGIC
2822,HKHC
2823,SLP
2824,IRMD
2825,RGR
2826,HBIA
2827,TGB
2828,MBWM
2829,GOOD
2830,RCKT
2831,UVE
2832,HLF
2833,EOLS
2834,GRNT
2835,BDN
2836,CURLF
2837,OXM
2838,SVA
2839,HAFC
2840,GSM
2841,DLX
2842,SPLP
2843,ADSE
2844,PFN
2845,COHU
2846,DGICA
2847,BCAX
2848,EQBK
2849,FDUS
2850,VEL
2851,CAC
2852,HTLD
2853,NTGR
2854,BLMN
2855,IBCP
2856,EVOH
2857,XERS
2858,ODC
2859,ARRY
2860,PLAY
2861,AIOT
2862,CRSR
2863,NUVB
2864,LENZ
2865,VMO
2866,KREF
2867,CSTL
2868,MATW
2869,FAX
2870,NRDS
2871,IMNM
2872,RBBN
2873,SITC
2874,TTGT
2875,MALG
2876,CSV
2877,EGBN
2878,AVBP
2879,GSBC
2880,HIPO
2881,DAKT
2882,HKD
2883,BMBL
2884,ATEX
2885,PDT
2886,HNRG
2887,IFN
2888,RXST
2889,BOE
2890,VINP
2891,MLAB
2892,MCB
2893,TREE
2894,ASA
2895,NPK
2896,STRW
2897,ANNA
2898,CTO
2899,ADTN
2900,DNTH
2901,BTO
2902,NOAH
2903,ETWO
2904,IPX
2905,CURV
2906,REEMF
2907,PRAX
2908,LAC
2909,OPY
2910,TRVI
2911,HBNC
2912,LEGH
2913,HTB
2914,REPL
2915,SLSR
2916,ABUS
2917,MUJ
2918,NAK
2919,KALV
2920,SENEA
2921,MHD
2922,ANAB
2923,CCBG
2924,BRSP
2925,IPOD
2926,GLDD
2927,PDS
2928,CLB
2929,NIE
2930,FLGT
2931,NOTR
2932,MGPI
2933,NDMO
2934,MSC
2935,SCGX
2936,ANGI
2937,KIND
2938,TRTX
2939,REAL
2940,ICHR
2941,BXC
2942,TCPC
2943,VALN
2944,BFLY
2945,CCAP
2946,IMOS
2947,UP
2948,NKX
2949,NEXN
2950,LDP
2951,NESR
2952,FSBC
2953,SIBN
2954,TBLD
2955,SMWB
2956,BZH
2957,SHLS
2958,NCMI
2959,AVNS
2960,MOFG
2961,WLDN
2962,BIT
2963,SWIM
2964,SMBC
2965,PHAR
2966,PSIX
2967,VTLE
2968,GHRS
2969,KROS
2970,CTLP
2971,AMRK
2972,OSPN
2973,GLAD
2974,BHK
2975,HOV
2976,IIM
2977,NMCO
2978,CCD
2979,HRTG
2980,PLOW
2981,EIM
2982,ACIC
2983,XYF
2984,ETJ
2985,VVR
2986,AMRC
2987,PUMP
2988,TRST
2989,LINC
2990,JFIN
2991,SLQT
2992,GNK
2993,REPX
2994,GDLC
2995,MTUS
2996,VLRS
2997,TK
2998,ASIX
2999,CASS
3000,CEVA
3001,MVST
3002,CYD
3003,ZIP
3004,ASGI
3005,EVLV
3006,MMU
3007,ORGO
3008,HTBK
3009,BCYC
3010,UHT
3011,OPT
3012,PEO
3013,PRTH
3014,MAGN
3015,EMD
3016,CBLL
3017,WEST
3018,OLP
3019,WASH
3020,ORRF
3021,WIW
3022,SSTK
3023,DJCO
3024,THFF
3025,RDVT
3026,SPFI
3027,ARVN
3028,PRCH
3029,VGM
3030,NAT
3031,SNCY
3032,AOSL
3033,VLGEA
3034,BGB
3035,DSU
3036,SEAT
3037,IIIN
3038,KIDS
3039,AAOI
3040,OMI
3041,BVS
3042,FRPH
3043,YORW
3044,VKQ
3045,DHC
3046,BLW
3047,DDI
3048,MBUU
3049,AUNA
3050,SMP
3051,YRD
3052,FTHY
3053,OFIX
3054,BUI
3055,MCS
3056,SVRA
3057,NAGE
3058,ATGL
3059,GAIN
3060,THRY
3061,QDMI
3062,DIAX
3063,PML
3064,AKBA
3065,MAX
3066,PRTA
3067,CAL
3068,IMTX
3069,QURE
3070,BGS
3071,TWFG
3072,LVWR
3073,METC
3074,ASTL
3075,MEG
3076,AGS
3077,GHY
3078,CION
3079,KRT
3080,IQI
3081,BBW
3082,BGY
3083,CRD-A
3084,EBF
3085,MPB
3086,KODK
3087,COGT
3088,HNST
3089,CLMB
3090,NYMT
3091,DADA
3092,CYRB
3093,KOP
3094,TLRY
3095,SMBK
3096,RERE
3097,DDL
3098,BYRN
3099,GCT
3100,KIO
3101,AVK
3102,ZKH
3103,URGN
3104,CPAC
3105,FPI
3106,NXJ
3107,GUG
3108,TEN
3109,ALTI
3110,DNA
3111,NML
3112,CVLG
3113,FARO
3114,LYTS
3115,VCV
3116,FMNB
3117,CCRN
3118,BLE
3119,QD
3120,BBNX
3121,CSIQ
3122,CRMD
3123,XRX
3124,NPKI
3125,BME
3126,GES
3127,KURA
3128,CTKB
3129,WDH
3130,SBC
3131,FTRE
3132,GUT
3133,ANSC
3134,ARKO
3135,STKL
3136,GLRE
3137,CCO
3138,BOC
3139,GBFH
3140,RSVR
3141,CMP
3142,TACO
3143,RCAT
3144,TALK
3145,BITF
3146,SCVL
3147,MYD
3148,AAM
3149,NVRI
3150,PGC
3151,TYRA
3152,MLR
3153,CBNK
3154,NOA
3155,EQV
3156,SAGE
3157,MDRX
3158,SGU
3159,BORR
3160,CHCT
3161,MUX
3162,FISI
3163,HPS
3164,GNTY
3165,PBT
3166,ELTP
3167,NBB
3168,SION
3169,NPFD
3170,USNA
3171,CCNE
3172,DPG
3173,PKST
3174,TRC
3175,CGEM
3176,MRVI
3177,BHB
3178,FUSE
3179,CVGW
3180,UPB
3181,FWRD
3182,JELD
3183,EBTC
3184,RLAY
3185,STK
3186,ITIC
3187,JACK
3188,CAPR
3189,VHI
3190,PSBD
3191,ISD
3192,TBPH
3193,APEI
3194,ACNB
3195,IGD
3196,FRA
3197,RPAY
3198,INN
3199,ALRS
3200,LIND
3201,GBLI
3202,GCI
3203,SCHL
3204,MCI
3205,ASPN
3206,LAB
3207,TWI
3208,BACQ
3209,IVR
3210,TYG
3211,PFIS
3212,NLOP
3213,SIGA
3214,NETD
3215,GAMB
3216,WNC
3217,GRVY
3218,BFK
3219,MGTX
3220,MNRO
3221,NBR
3222,NQP
3223,SNDA
3224,UNTY
3225,SHBI
3226,GNE
3227,NFBK
3228,HZO
3229,THW
3230,HPI
3231,BCAL
3232,MNMD
3233,SWBI
3234,PNNT
3235,RZLV
3236,HONE
3237,NWPX
3238,GDOT
3239,PRTC
3240,PSTL
3241,BIGC
3242,ABVX
3243,SRDX
3244,AROW
3245,GBAB
3246,STOK
3247,PGEN
3248,TMCI
3249,SATL
3250,NRIM
3251,FFWM
3252,DFP
3253,INRE
3254,EVN
3255,SCGY
3256,RMT
3257,MVF
3258,ADV
3259,ASPI
3260,UAMY
3261,FIP
3262,KELYA
3263,TCBX
3264,PERI
3265,KFII
3266,CLW
3267,WYHG
3268,USAS
3269,ODP
3270,PUBM
3271,COFS
3272,SENS
3273,EHAB
3274,GBUX
3275,MUA
3276,IPI
3277,AEVA
3278,CCIX
3279,SDHY
3280,AHG
3281,EBFI
3282,OMER
3283,VSTA
3284,LND
3285,CRMT
3286,FBIZ
3287,VERV
3288,ABSI
3289,NMAI
3290,DCTH
3291,FFIC
3292,SFIX
3293,NATH
3294,GLASF
3295,CHW
3296,AXL
3297,CWCO
3298,INNV
3299,TDUP
3300,EAD
3301,ETON
3302,ETO
3303,BWMX
3304,VALU
3305,ANGO
3306,XFLT
3307,EYPT
3308,KRNY
3309,BWMN
3310,VCIC
3311,RGC
3312,CMCO
3313,CELC
3314,CLFD
3315,GPAT
3316,CANG
3317,GTN
3318,TRML
3319,RTGN
3320,ETB
3321,ZVRA
3322,ALF
3323,OBE
3324,NL
3325,MBAV
3326,AMBC
3327,ZYBT
3328,NGL
3329,IMXI
3330,SPMC
3331,TRAK
3332,GCBC
3333,MYN
3334,ECX
3335,VKI
3336,TITN
3337,KMDA
3338,LWAY
3339,LXU
3340,CCSI
3341,DBO
3342,OUST
3343,XPOF
3344,CYH
3345,LEO
3346,YSG
3347,BWB
3348,NPB
3349,FFA
3350,TBRG
3351,HIX
3352,LVRO
3353,DHIL
3354,WOW
3355,GAU
3356,RAPP
3357,ASLE
3358,ASC
3359,KULR
3360,CCIR
3361,ALNT
3362,HIO
3363,LSAK
3364,AUTL
3365,BLDP
3366,PACB
3367,CLDT
3368,EIC
3369,MSB
3370,EGY
3371,KTF
3372,SANA
3373,MITK
3374,ARTNA
3375,NXXT
3376,GFR
3377,SD
3378,BSRR
3379,PFL
3380,MYE
3381,BNTC
3382,SB
3383,SNDL
3384,SMC
3385,MAZE
3386,SCM
3387,GILT
3388,AMLX
3389,ZBIO
3390,HBCP
3391,GRRR
3392,NHHS
3393,BAND
3394,NAN
3395,LAND
3396,INDI
3397,CTEV
3398,LASR
3399,PHH
3400,USCB
3401,MFH
3402,RRBI
3403,MERC
3404,LDI
3405,PPT
3406,CKPT
3407,NPCE
3408,GIG
3409,HOUS
3410,OOMA
3411,ALT
3412,EFR
3413,DMAA
3414,BSVN
3415,ZH
3416,CARE
3417,MREO
3418,JRI
3419,FLWS
3420,NWBO
3421,RWAY
3422,ORIC
3423,ZEUS
3424,GPRK
3425,MSBI
3426,TBN
3427,SKBL
3428,HPF
3429,ERAS
3430,LAR
3431,CNDT
3432,WOLF
3433,FINS
3434,HQL
3435,RICK
3436,SAR
3437,BMRC
3438,HPP
3439,SOR
3440,CDRO
3441,HYAC
3442,HRZN
3443,DXYZ
3444,MIY
3445,ORKA
3446,DC
3447,AWP
3448,ACCO
3449,NVTS
3450,VACH
3451,BBCP
3452,GHM
3453,CLPT
3454,TECX
3455,BNED
3456,NNDM
3457,TATT
3458,KE
3459,CMTG
3460,BEAG
3461,SKYT
3462,BTBT
3463,TTI
3464,KLTR
3465,SPOK
3466,BGR
3467,CUB
3468,AMBI
3469,WTF
3470,BFZ
3471,VBNK
3472,SIMA
3473,TCMD
3474,FOF
3475,IVA
3476,MLAC
3477,TWNP
3478,WALD
3479,WTBA
3480,CRNC
3481,FBYD
3482,EFT
3483,SSBK
3484,NLCP
3485,VENU
3486,ALLO
3487,ARDC
3488,SVC
3489,HOND
3490,RGNX
3491,IBEX
3492,RM
3493,RFI
3494,CWBC
3495,NREF
3496,BRW
3497,CLNE
3498,SERV
3499,DIN
3500,OFLX
3501,PACK
3502,RFMZ
3503,ITRG
3504,ALDF
3505,SMLR
3506,MIN
3507,PAMT
3508,PHAT
3509,POLE
3510,CIVB
3511,TKNO
3512,BGT
3513,MOV
3514,JACS
3515,PNRG
3516,OB
3517,EDD
3518,FMAO
3519,RMNI
3520,CLCO
3521,FSBW
3522,CIX
3523,MNTK
3524,CPZ
3525,MHN
3526,VREX
3527,ANVI
3528,SIFY
3529,ATII
3530,XPER
3531,RXT
3532,MTA
3533,NBH
3534,LPAA
3535,GRAF
3536,GSRT
3537,RYAM
3538,APPS
3539,CZNC
3540,NTPIF
3541,MLP
3542,AFB
3543,LPBB
3544,PBFS
3545,RIGL
3546,LOCO
3547,OLMA
3548,BZAI
3549,PMO
3550,MTRX
3551,REFI
3552,MG
3553,TRDA
3554,ASM
3555,PSNL
3556,SDA
3557,NPCT
3558,EM
3559,IAUX
3560,MVIS
3561,BCML
3562,NNNN
3563,LMNR
3564,ASG
3565,EVTL
3566,MNDR
3567,IOCJY
3568,DOMO
3569,AIRJ
3570,SPXX
3571,DH
3572,NNOX
3573,PMTS
3574,LOVE
3575,RNGR
3576,HRTX
3577,ACTG
3578,GROY
3579,POET
3580,BGH
3581,NUS
3582,RBTK
3583,HVT
3584,FGPR
3585,SDSYA
3586,DBL
3587,GEVO
3588,GWRS
3589,BRT
3590,MPX
3591,NCV
3592,LE
3593,ARCT
3594,ALMS
3595,PCOK
3596,RNAC
3597,CMPS
3598,NECB
3599,PANL
3600,NCA
3601,ATAI
3602,AACB
3603,NC
3604,ZTR
3605,JGH
3606,SSCC
3607,DSM
3608,UIS
3609,OIA
3610,BYM
3611,NVEC
3612,CYRX
3613,MTLS
3614,AURA
3615,LEGT
3616,ATNI
3617,LXFR
3618,BRBS
3619,SPIR
3620,HFRO
3621,VPG
3622,WEYS
3623,SLAMF
3624,GLUE
3625,MXCT
3626,RBB
3627,NEN
3628,JPI
3629,NODK
3630,PVLA
3631,CMCL
3632,RLGT
3633,GMGI
3634,MMD
3635,AUDC
3636,LANV
3637,FC
3638,AMPX
3639,GHI
3640,CVEO
3641,NMG
3642,GFLT
3643,SEPN
3644,NEWT
3645,PCB
3646,CZFS
3647,TMQ
3648,CHPT
3649,HYI
3650,RMM
3651,UNTC
3652,AZ
3653,MTW
3654,CAN
3655,ATYR
3656,PKE
3657,NRDY
3658,DDD
3659,PMM
3660,TSVT
3661,PKOH
3662,JWSMF
3663,VMD
3664,AMCX
3665,SBXD
3666,SJT
3667,PINE
3668,CYDY
3669,MCFT
3670,HCAT
3671,ZJK
3672,XHG
3673,CBAN
3674,HVII
3675,AVIR
3676,QUAD
3677,FNLC
3678,API
3679,RITR
3680,OTLY
3681,FCT
3682,SLI
3683,URG
3684,KGEI
3685,SFST
3686,BLZE
3687,HLXB
3688,RMR
3689,MEC
3690,TRVG
3691,VNDA
3692,SHYF
3693,WRN
3694,ZIMV
3695,LAES
3696,GOCO
3697,SNWV
3698,BIOX
3699,ZEO
3700,VSTM
3701,EOT
3702,PDLB
3703,MCR
3704,OACC
3705,SMTI
3706,ZUMZ
3707,NFGC
3708,IDR
3709,ERC
3710,FTF
3711,SCD
3712,OBT
3713,GCL
3714,JMIA
3715,HAIN
3716,MBX
3717,HLLY
3718,MATV
3719,MMT
3720,TG
3721,EU
3722,EBS
3723,RCS
3724,AQST
3725,LIEN
3726,DMRC
3727,ASUR
3728,LZM
3729,FLIC
3730,FACT
3731,STIM
3732,HBB
3733,TEI
3734,PLMK
3735,FCCN
3736,NLST
3737,BKT
3738,CCAC
3739,EXFY
3740,TCI
3741,TPVG
3742,RMAX
3743,NGS
3744,LNKB
3745,PCYO
3746,XOMA
3747,AIP
3748,CERS
3749,MAMA
3750,OPAL
3751,AEHR
3752,NRC
3753,NUW
3754,RLTY
3755,ODV
3756,TTSH
3757,FLYX
3758,PLBC
3759,HUMA
3760,OCFT
3761,EMX
3762,RLEA
3763,VLN
3764,DBP
3765,ABEO
3766,PBPB
3767,KINS
3768,ACB
3769,SOHU
3770,INR
3771,HCAI
3772,HDSN
3773,TSHA
3774,HYLN
3775,JOF
3776,IIF
3777,AGD
3778,ITOS
3779,RCEL
3780,WSBF
3781,BNY
3782,ATLN
3783,RIV
3784,IMMR
3785,UROY
3786,NYXH
3787,JILL
3788,SABA
3789,THRD
3790,DRDB
3791,SEG
3792,CLBR
3793,TSBK
3794,AFRI
3795,TSI
3796,ONIT
3797,BWFG
3798,HAWEL
3799,JCE
3800,SNFCA
3801,JOUT
3802,PSF
3803,WEWA
3804,RGCO
3805,OZ
3806,ORN
3807,CMPX
3808,OSUR
3809,LFCR
3810,MNPR
3811,FDBC
3812,GPRE
3813,SES
3814,DRUG
3815,TDF
3816,RHLD
3817,ATXS
3818,NHS
3819,LPA
3820,GDEV
3821,SWKH
3822,SLRN
3823,HIVE
3824,DCGO
3825,PMX
3826,WHF
3827,MACI
3828,GHG
3829,TDAC
3830,NATR
3831,OABI
3832,LFMD
3833,ALLT
3834,KFS
3835,BKSY
3836,KNOP
3837,ALCO
3838,CRVS
3839,IONR
3840,AZUL
3841,DOGZ
3842,NIU
3843,DBVT
3844,ABXXF
3845,JRS
3846,CADL
3847,EVM
3848,ONE
3849,BARK
3850,SVCC
3851,FXE
3852,HSHP
3853,AVNW
3854,IMMP
3855,RYET
3856,PHT
3857,ZSPC
3858,CAF
3859,RR
3860,XNET
3861,CIA
3862,CEPO
3863,JUNE
3864,FNKO
3865,CRGX
3866,HPAI
3867,WILC
3868,FVR
3869,TBCH
3870,MVT
3871,MXF
3872,CRLBF
3873,MUE
3874,FFNW
3875,FSTR
3876,OIS
3877,BLDE
3878,NWFL
3879,CDTX
3880,QSI
3881,NCZ
3882,MQT
3883,PMF
3884,ESGH
3885,BDMD
3886,VRNOF
3887,CGC
3888,HFFG
3889,FBLA
3890,LSEA
3891,MFM
3892,FUND
3893,EVI
3894,UNG
3895,BSEM
3896,FOA
3897,MVBF
3898,EGHT
3899,DHY
3900,NEWP
3901,NVCT
3902,ONEW
3903,EB
3904,CRML
3905,CPS
3906,PDEX
3907,HMST
3908,EACO
3909,PKBK
3910,LAW
3911,JAKK
3912,EOD
3913,INBK
3914,YMAB
3915,FTK
3916,WGRX
3917,FRST
3918,ESEA
3919,MFIN
3920,SSTI
3921,CHMG
3922,ESCA
3923,CDZI
3924,PWOD
3925,MBI
3926,CLLS
3927,MEI
3928,DOYU
3929,EVBN
3930,PLX
3931,NPV
3932,JMSB
3933,GPJA
3934,MHI
3935,PDYN
3936,QSG
3937,LCNB
3938,NAMI
3939,HWBK
3940,IVCBF
3941,NTCL
3942,ENGN
3943,GLO
3944,OVLY
3945,ABIT
3946,QTRX
3947,BETR
3948,ACV
3949,GCO
3950,AEF
3951,BPRN
3952,TWN
3953,BSII
3954,SLDP
3955,BYND
3956,ELMD
3957,BLFY
3958,SLDB
3959,OPP
3960,TERN
3961,PAL
3962,UFG
3963,JRVR
3964,ETX
3965,SZZL
3966,BNIGF
3967,LUNG
3968,EHI
3969,INSE
3970,ONTF
3971,FHTX
3972,EARN
3973,AMRN
3974,BYON
3975,ANIK
3976,OCGN
3977,OPOF
3978,FINW
3979,GOSS
3980,ACRE
3981,CRDF
3982,MIO
3983,PVBC
3984,WIA
3985,MBCN
3986,DBB
3987,ESPR
3988,SSP
3989,PNPNF
3990,MAV
3991,VABK
3992,GASS
3993,PHLT
3994,COOK
3995,HITI
3996,LGI
3997,CFFI
3998,OM
3999,TVGN
4000,BKN
4001,FET
4002,DSGN
4003,ARL
4004,MPV
4005,EMF
4006,CIO
4007,SOPH
4008,LHSW
4009,INGN
4010,TLS
4011,DRTS
4012,AOMR
4013,DMB
4014,ISBA
4015,CRNT
4016,NTWO
4017,ARQQ
4018,MITT
4019,GNFT
4020,FUNC
4021,FT
4022,FVCB
4023,ELLO
4024,BRY
4025,NCT
4026,MRT
4027,BSL
4028,ELDN
4029,LFVN
4030,ESSA
4031,REI
4032,TTEC
4033,ISPR
4034,SPKL
4035,RGP
4036,MYFW
4037,CPSS
4038,BTMD
4039,CTGO
4040,LXRX
4041,FORR
4042,EP
4043,EHTH
4044,EMP
4045,ENJ
4046,MPAA
4047,SPPP
4048,CDXS
4049,HURA
4050,WNEB
4051,MDWD
4052,LOGC
4053,EWCZ
4054,DHF
4055,SKIL
4056,MAPS
4057,VPV
4058,BEEP
4059,SEVN
4060,SATX
4061,III
4062,FF
4063,OXSQ
4064,UTMD
4065,PCK
4066,TLSI
4067,CFNB
4068,RDCM
4069,PROP
4070,VYGR
4071,ILPT
4072,VRM
4073,VBF
4074,TCX
4075,HGLB
4076,NVX
4077,SGC
4078,EVC
4079,IPHA
4080,WTI
4081,INBX
4082,HMR
4083,FLC
4084,EFSI
4085,FXNC
4086,VGAS
4087,FLXS
4088,OPBK
4089,DYNX
4090,NXDT
4091,INMB
4092,SRV
4093,GLDG
4094,CTRN
4095,SLND
4096,NB
4097,TOI
4098,GENC
4099,ENX
4100,AARD
4101,FCCO
4102,DSX
4103,CURI
4104,GF
4105,FEIM
4106,BKTI
4107,VIRC
4108,IBAC
4109,GTE
4110,BRCC
4111,FULC
4112,FSFG
4113,VOXR
4114,SMID
4115,TE
4116,BWAY
4117,MYPS
4118,RANG
4119,CRAWA
4120,LNSR
4121,NPWR
4122,TAVI
4123,PERF
4124,POWW
4125,PRME
4126,VYEY
4127,BCBP
4128,SRG
4129,GAUZ
4130,FNRN
4131,RZLT
4132,CVRX
4133,SLSN
4134,ANNX
4135,SGMO
4136,ISTR
4137,SANG
4138,OPRT
4139,FRAF
4140,PIM
4141,PCQ
4142,LARK
4143,JYNT
4144,NKSH
4145,HCVI
4146,MASS
4147,ACTU
4148,FLX
4149,RFAI
4150,CLPR
4151,ELA
4152,NBTX
4153,FSP
4154,CBNA
4155,RENE
4156,OCCI
4157,CYBN
4158,TSSI
4159,NIPG
4160,EAF
4161,MRCC
4162,AERG
4163,NGNE
4164,IDE
4165,NNY
4166,LTBR
4167,MHF
4168,ACIU
4169,DENN
4170,ACU
4171,ARQ
4172,MDV
4173,BHR
4174,TGLO
4175,LAKE
4176,ICTSF
4177,LDDD
4178,MYO
4179,BGX
4180,BXSY
4181,HQI
4182,STXS
4183,TEAF
4184,BVFL
4185,ATLO
4186,MRBK
4187,BSET
4188,ESOA
4189,MSD
4190,PLL
4191,BFIN
4192,ARAY
4193,SPE
4194,OVBC
4195,CIK
4196,GGT
4197,EUDA
4198,OPRX
4199,VRDR
4200,ILLR
4201,AENT
4202,CSPI
4203,ELPW
4204,DMAC
4205,INV
4206,NRO
4207,WHG
4208,TARA
4209,BMN
4210,IHRT
4211,FENC
4212,GRX
4213,SAMG
4214,EPM
4215,STRT
4216,CCRD
4217,BANX
4218,VTN
4219,PROF
4220,IGA
4221,ZVIA
4222,STRS
4223,DMF
4224,IKT
4225,HNVR
4226,PESI
4227,CBFV
4228,AEYE
4229,DOUG
4230,FLD
4231,ZJYL
4232,NXG
4233,PHX
4234,EVG
4235,THM
4236,LAZR
4237,SUAC
4238,DERM
4239,OGI
4240,CATX
4241,PBYI
4242,PEBK
4243,MPTI
4244,PZC
4245,CMT
4246,SCTH
4247,EPSN
4248,BRLT
4249,SMRT
4250,MPA
4251,EDF
4252,TNGX
4253,PLG
4254,NEON
4255,UNB
4256,PRMLF
4257,SHMD
4258,CCFN
4259,PFD
4260,FDMT
4261,ECBK
4262,USGO
4263,ZNOG
4264,UBFO
4265,CSLR
4266,LFT
4267,GENK
4268,TZOO
4269,SLN
4270,NAZ
4271,BIOA
4272,FCAP
4273,PHYTF
4274,MOLN
4275,DRTTF
4276,CZWI
4277,AOUT
4278,FXY
4279,RRACF
4280,CHMX
4281,EGAN
4282,SGHT
4283,ALTG
4284,MED
4285,VGES
4286,KRRO
4287,NTHI
4288,BWG
4289,CGEN
4290,HTCO
4291,BROG
4292,ACR
4293,LYEL
4294,VREOF
4295,QNBC
4296,CFBK
4297,USAU
4298,FNWD
4299,RGLS
4300,ACNT
4301,DMO
4302,IRWD
4303,EBMT
4304,BRLS
4305,BOOM
4306,BZUN
4307,PDCC
4308,DLNG
4309,RMBI
4310,JHS
4311,KOPN
4312,CLAR
4313,SCPH
4314,FREVS
4315,WLAC
4316,PLCE
4317,ACRS
4318,ADUR
4319,CXDO
4320,UHG
4321,SVCO
4322,QH
4323,WEA
4324,HFUS
4325,TOYO
4326,TBI
4327,SIEB
4328,TUSK
4329,NKTX
4330,ALYAF
4331,KLRS
4332,INVZ
4333,FGOVF
4334,RPT
4335,RCMT
4336,VCSA
4337,FATE
4338,EML
4339,CHEB
4340,HYSR
4341,AZI
4342,MCTR
4343,KOD
4344,AREN
4345,KVAC
4346,SERA
4347,VUZI
4348,BTA
4349,DBI
4350,ALDX
4351,RVSB
4352,SBFG
4353,NWTN
4354,ATOM
4355,PRQR
4356,FATN
4357,RELL
4358,SEER
4359,THTX
4360,HEQ
4361,RMMZ
4362,SFBC
4363,FGBI
4364,VFL
4365,AOAO
4366,ECF
4367,AXR
4368,CHRS
4369,MNSB
4370,SLS
4371,FFMGF
4372,MCN
4373,TSE
4374,DBE
4375,ADCT
4376,TSQ
4377,GECC
4378,EPRX
4379,PAI
4380,TLGYF
4381,EMYB
4382,AFBI
4383,GLSI
4384,CCIF
4385,TRUE
4386,LUCD
4387,NIM
4388,PFO
4389,SVII
4390,ZTEK
4391,RBKB
4392,CWGL
4393,FGFH
4394,PCSC
4395,LRMR
4396,PHD
4397,SMHI
4398,AISP
4399,PCF
4400,JHI
4401,SHIP
4402,NKTR
4403,HANNF
4404,SNCR
4405,CHN
4406,TWLV
4407,CSBR
4408,OFS
4409,EPWK
4410,AFCG
4411,GLQ
4412,FRGE
4413,CGTL
4414,SKIN
4415,PAYS
4416,FTLF
4417,CEP
4418,AIFE
4419,OBIO
4420,BMBN
4421,IAF
4422,CTNM
4423,ARBE
4424,SRL
4425,CAAS
4426,MAMO
4427,CXE
4428,AVD
4429,LWLG
4430,QSEP
4431,MRAM
4432,CSBB
4433,SUNS
4434,PTMN
4435,FRD
4436,GIFI
4437,INSG
4438,AMWL
4439,RAPT
4440,SNBR
4441,MMLP
4442,MCRP
4443,FKYS
4444,NMT
4445,BUKS
4446,CMCM
4447,GGR
4448,SSSS
4449,ICG
4450,FLL
4451,RAIL
4452,SBI
4453,INFU
4454,KRMD
4455,SRBK
4456,TNXP
4457,BEOB
4458,MX
4459,SRI
4460,EDIT
4461,PPCB
4462,BHAC
4463,CSTE
4464,TOUR
4465,ISSC
4466,PFX
4467,QVCGA
4468,NMRA
4469,CVVUF
4470,ALMU
4471,AMPY
4472,LPRO
4473,IH
4474,YSXT
4475,ENTA
4476,TLSA
4477,ELVA
4478,LVPA
4479,UTGN
4480,LESL
4481,PYYX
4482,GRO
4483,NRGV
4484,VGZ
4485,MGF
4486,JNVR
4487,NOBH
4488,WFF
4489,TIL
4490,NOTE
4491,LTCN
4492,AVR
4493,DSAQ
4494,EVF
4495,FGMC
4496,TISI
4497,KNDI
4498,CUPR
4499,SNTI
4500,SKYX
4501,CRGO
4502,WBX
4503,PPYA
4504,GNT
4505,CNDA
4506,WMPN
4507,MKFG
4508,LGO
4509,CHCI
4510,KEQU
4511,JLS
4512,BHST
4513,LCTX
4514,NFTN
4515,GLACF
4516,EXOZ
4517,PUCK
4518,RPID
4519,VLDX
4520,NMI
4521,IGI
4522,KVHI
4523,IVCA
4524,CMTV
4525,DYCQ
4526,CGO
4527,FTCO
4528,HNW
4529,PPIH
4530,ALEC
4531,GLU
4532,PBHC
4533,NOEM
4534,AUID
4535,GAIA
4536,ERH
4537,MHLD
4538,PROV
4539,MGRM
4540,TRX
4541,VERI
4542,BKHA
4543,GRUSF
4544,IVFH
4545,MHH
4546,AKA
4547,NCTY
4548,BCV
4549,ENBP
4550,SFDL
4551,BSBK
4552,IMUX
4553,MIMI
4554,IROH
4555,GNLX
4556,HURC
4557,LSE
4558,TAYD
4559,KBSX
4560,OPTN
4561,BRAG
4562,SPGX
4563,TWIN
4564,HCIL
4565,HSPT
4566,VIOT
4567,NAUT
4568,AIRS
4569,CSTAF
4570,FSHP
4571,TSNDF
4572,DTSQ
4573,GGZ
4574,PLBY
4575,PAVS
4576,RILY
4577,GNSS
4578,ELUT
4579,CPKF
4580,ODYS
4581,PLMJF
4582,RCKY
4583,XBIT
4584,ICAD
4585,KBLB
4586,RMI
4587,GDL
4588,ONDS
4589,BCRD
4590,WETO
4591,SPCE
4592,LUD
4593,RMBL
4594,IHD
4595,MGYR
4596,DSY
4597,BYNO
4598,PFBX
4599,ORMP
4600,VMCAF
4601,MAYA
4602,ABAT
4603,FNWB
4604,IXAQF
4605,ZNTL
4606,AIRRF
4607,CDAQF
4608,JEQ
4609,ONL
4610,AREC
4611,ORGN
4612,RSSS
4613,CPHC
4614,PLRX
4615,ANIX
4616,QIPT
4617,COYA
4618,BAER
4619,IOTR
4620,CHMI
4621,GPMT
4622,BCHG
4623,GALT
4624,DIBS
4625,LGPS
4626,UURAF
4627,MHGU
4628,STKS
4629,CRDL
4630,UFI
4631,UMAC
4632,RFM
4633,HYMC
4634,BMGL
4635,CLYM
4636,PGP
4637,CRVO
4638,THCH
4639,CEE
4640,REKR
4641,CMU
4642,HLVX
4643,RAASY
4644,LPTH
4645,GDO
4646,KF
4647,MBOT
4648,LCUT
4649,VGI
4650,SWZ
4651,RPMT
4652,TGAAF
4653,ESP
4654,STHO
4655,LQMT
4656,JVSA
4657,SRZN
4658,FCEL
4659,SY
4660,NORD
4661,GPRO
4662,LSBK
4663,SLNG
4664,BDSX
4665,HUHU
4666,SUUN
4667,OCX
4668,CRTAF
4669,IMPP
4670,FMN
4671,ASPC
4672,NNBR
4673,BLUAF
4674,XGN
4675,COE
4676,KYTX
4677,AXREF
4678,VOR
4679,VXRT
4680,EPIX
4681,NXC
4682,COLA
4683,ATPC
4684,ATMC
4685,ENTX
4686,CCCC
4687,XCH
4688,YHNA
4689,HOFT
4690,EURK
4691,BKRRF
4692,CTM
4693,GAN
4694,HLEO
4695,RCFAF
4696,DIT
4697,RCT
4698,UBCP
4699,ORRCF
4700,RSKIA
4701,COPR
4702,VATE
4703,DTF
4704,ATOS
4705,FCO
4706,AVTE
4707,VRSSF
4708,MLGO
4709,LTRX
4710,MSCLF
4711,SND
4712,FONR
4713,SRTS
4714,SILC
4715,ELTX
4716,PSQH
4717,GEOS
4718,FVN
4719,LGCY
4720,BDTX
4721,MAYS
4722,CCG
4723,RDAC
4724,VTYX
4725,PLNH
4726,ASFH
4727,CDLX
4728,HNNA
4729,TNYA
4730,AEAE
4731,ZURA
4732,IROQ
4733,NSPR
4734,ITMSF
4735,TELO
4736,ESGL
4737,VERU
4738,MDXH
4739,ANL
4740,INVE
4741,ASMB
4742,UNIB
4743,RDZN
4744,LXEO
4745,WHWK
4746,NEGG
4747,PNI
4748,CAPN
4749,FEAM
4750,FUSB
4751,ADAG
4752,TCRX
4753,SFWL
4754,EZOO
4755,QUIK
4756,CNTX
4757,PCM
4758,JZXN
4759,ACHV
4760,SLBK
4761,ACOG
4762,ISRL
4763,SKLZ
4764,IGMS
4765,FFAI
4766,DHX
4767,DMA
4768,CODA
4769,SNT
4770,UNCY
4771,AOGO
4772,BLGO
4773,IOR
4774,BRID
4775,XTGRF
4776,CSLMF
4777,CSAI
4778,FNGR
4779,MGNX
4780,DWNX
4781,KANP
4782,XCUR
4783,WRAP
4784,SGA
4785,VIGL
4786,CRBP
4787,HLP
4788,AMTX
4789,GLXZ
4790,AURX
4791,MNOV
4792,NA
4793,MLSS
4794,GCTS
4795,IMAQ
4796,GSIT
4797,CETI
4798,OAKU
4799,HGBL
4800,MWYN
4801,CURR
4802,LOMLF
4803,ENGS
4804,IFRX
4805,BLUW
4806,INTT
4807,ULBI
4808,FMBM
4809,ASPS
4810,NVA
4811,NEOV
4812,MCRB
4813,CGBS
4814,LONCF
4815,NMS
4816,AUBN
4817,IMAB
4818,VFF
4819,SUP
4820,BLNK
4821,PN
4822,OCG
4823,HAIAF
4824,PHCI
4825,OPTT
4826,QMCO
4827,EGRVF
4828,NCSM
4829,NTIC
4830,MVO
4831,SAVA
4832,GEVI
4833,GCV
4834,IRRX
4835,CRBU
4836,NWPP
4837,GGROU
4838,CEV
4839,AFJK
4840,GNTA
4841,REE
4842,RANI
4843,BOTJ
4844,ATLX
4845,PGZ
4846,LPSN
4847,FDSB
4848,EPSM
4849,PORT
4850,SGMT
4851,RGT
4852,ICCM
4853,UEEC
4854,LVO
4855,CRT
4856,GMHS
4857,ZENV
4858,PTHL
4859,AUGG
4860,CLSD
4861,VLT
4862,QTZM
4863,UEIC
4864,NVAC
4865,RIBB
4866,BZFD
4867,TOPW
4868,TMRC
4869,MDWK
4870,FORA
4871,DTI
4872,GLV
4873,ZYXI
4874,CTSO
4875,DUOT
4876,YI
4877,IAE
4878,CPIX
4879,ALTS
4880,MATH
4881,STG
4882,ASCBF
4883,TROO
4884,GSVRF
4885,PETS
4886,INCR
4887,GOAI
4888,ADVM
4889,CXH
4890,UPLD
4891,INO
4892,INZY
4893,NUKK
4894,PRPL
4895,DLTH
4896,ATHR
4897,ALOT
4898,CBAT
4899,YAAS
4900,BYFC
4901,VTGN
4902,SOL
4903,USCTF
4904,GLAI
4905,YIBO
4906,MAQC
4907,REED
4908,MCHX
4909,VANI
4910,NSTS
4911,EEA
4912,LOAN
4913,AVAI
4914,UWHR
4915,BMEA
4916,ASRT
4917,CBKM
4918,ALTO
4919,JUSHF
4920,IRBT
4921,FURY
4922,AAWH
4923,JUVF
4924,ABOS
4925,ADAP
4926,BAYA
4927,NEUE
4928,JSPR
4929,SELF
4930,HITC
4931,SYT
4932,IOBT
4933,GTMAY
4934,LINK
4935,RENB
4936,CCLD
4937,PYRGF
4938,FKWL
4939,RVRC
4940,MB
4941,ANRO
4942,PYXS
4943,VNJA
4944,SPWH
4945,CPBI
4946,SOTK
4947,WFCF
4948,NOTV
4949,LODE
4950,YGMZ
4951,RECT
4952,OWLT
4953,ELTK
4954,RAND
4955,CCTSF
4956,FBSI
4957,VEEA
4958,NHTC
4959,BAFN
4960,BUJA
4961,CLRCF
4962,NTRB
4963,JMM
4964,IVVD
4965,CAHO
4966,HTLM
4967,ALAR
4968,ACRV
4969,BEAT
4970,CCTC
4971,HAFG
4972,INLX
4973,APXIF
4974,AMJT
4975,PNF
4976,LSF
4977,WNLV
4978,FNVTF
4979,AKYA
4980,GUTS
4981,FGB
4982,XTNT
4983,CBUS
4984,DOMH
4985,MGX
4986,LEE
4987,EMCG
4988,BKKT
4989,INUV
4990,CABA
4991,KRON
4992,RDGL
4993,GEG
4994,SSVFF
4995,ARTV
4996,WHEN
4997,XPL
4998,MDCX
4999,KNIT
5000,HYPR
5001,AXTI
5002,RSF
5003,DTIL
5004,IKNA
5005,CHGG
5006,SHIM
5007,ELRE
5008,SELX
5009,FSEA
5010,PMVP
5011,MTWO
5012,LOOP
5013,GRWG
5014,MDIA
5015,ABLV
5016,HNOI
5017,SKYE
5018,ALCY
5019,CFSB
5020,DLHC
5021,DXLG
5022,ZENA
5023,GORO
5024,TBMC
5025,GTII
5026,EDAP
5027,RFL
5028,GGAAF
5029,DVLT
5030,SKKY
5031,FMY
5032,IDN
5033,CTMX
5034,ONCY
5035,AVTX
5036,VNRX
5037,LOGQ
5038,SMXT
5039,SER
5040,PHUN
5041,NUVR
5042,OST
5043,PED
5044,ASYS
5045,HSPO
5046,FTII
5047,VTVT
5048,PRKR
5049,FOSL
5050,RAYA
5051,ICCC
5052,RPTX
5053,GIFT
5054,ATHE
5055,MODD
5056,BYSI
5057,BRIA
5058,WELNF
5059,STEM
5060,CNVS
5061,FSI
5062,PRE
5063,VRA
5064,CNTB
5065,PRTS
5066,LRFC
5067,WPRT
5068,SNTL
5069,SURG
5070,MSSAF
5071,TLYS
5072,ACET
5073,SQNS
5074,GANX
5075,IMMX
5076,CNF
5077,ANLDF
5078,VOC
5079,FMFG
5080,GROV
5081,BEDU
5082,PVL
5083,CDIX
5084,CYCC
5085,CULP
5086,MDBH
5087,WIMI
5088,APT
5089,JG
5090,PODC
5091,SYHBF
5092,AKOM
5093,RRGB
5094,SACH
5095,PDSB
5096,CLST
5097,CTOR
5098,TYGO
5099,FLNT
5100,OPTX
5101,PRT
5102,BTOC
5103,FORL
5104,AWCA
5105,ZOMDF
5106,TGEN
5107,SVRSF
5108,MAIA
5109,MAXN
5110,OPHC
5111,FPRGF
5112,CCEL
5113,RAY
5114,STRO
5115,TETEF
5116,CATO
5117,QNCX
5118,BDL
5119,ATMV
5120,TCBS
5121,MESA
5122,FBRX
5123,CUE
5124,LITM
5125,IMRX
5126,VIPZ
5127,OTLK
5128,NXN
5129,CVU
5130,NTZ
5131,YTRA
5132,QRHC
5133,FBIO
5134,DMYY
5135,TOP
5136,OSS
5137,MIFF
5138,SRFM
5139,VTSI
5140,BCHT
5141,TECTP
5142,ARMP
5143,CRCUF
5144,ESHA
5145,MURA
5146,AGAE
5147,SEOVF
5148,VRCA
5149,HOUR
5150,YYGH
5151,ISPO
5152,DGXX
5153,YXT
5154,AIRT
5155,IRAA
5156,MIST
5157,APLT
5158,RCON
5159,ADVB
5160,HFBL
5161,SPAUF
5162,AIRG
5163,ECOR
5164,PRLD
5165,FAT
5166,YOTA
5167,IPSC
5168,RGS
5169,AASP
5170,FBLG
5171,AGEN
5172,WWR
5173,GLLI
5174,IPWR
5175,UMEWF
5176,JFB
5177,RFIL
5178,WKEY
5179,MSW
5180,SNAL
5181,SPRO
5182,LNZA
5183,BRZH
5184,CIIT
5185,LOCL
5186,OAKV
5187,KORE
5188,BLUE
5189,SFRX
5190,KOSS
5191,NVNO
5192,CNTY
5193,ICMB
5194,WTMA
5195,USIO
5196,OPGN
5197,RDI
5198,TZUP
5199,MRSN
5200,QETA
5201,WSTRF
5202,JETMF
5203,PEPG
5204,AP
5205,PVCT
5206,BRFH
5207,OPAD
5208,GWTI
5209,KACLF
5210,OMCC
5211,WINV
5212,NDLS
5213,GDST
5214,ANTX
5215,VIVK
5216,ANGH
5217,CELU
5218,ALSAF
5219,SYPR
5220,ITHUF
5221,NRT
5222,BHLL
5223,ANEB
5224,MXE
5225,SJ
5226,OPXS
5227,LIVE
5228,TORO
5229,MCAG
5230,XLO
5231,UG
5232,MGLD
5233,CUBA
5234,MIND
5235,KPTI
5236,ATNM
5237,TELA
5238,OKYO
5239,JANL
5240,HXHX
5241,MASK
5242,OKUR
5243,USEG
5244,BEWFF
5245,CMTL
5246,WBQNL
5247,GRF
5248,RNTX
5249,TURN
5250,LTRN
5251,BHM
5252,DIST
5253,LEAT
5254,MPU
5255,HIT
5256,SCWO
5257,ITRM
5258,LCGMF
5259,DBGI
5260,BIRD
5261,DYAI
5262,ZEPP
5263,UCL
5264,ASRV
5265,DXR
5266,KPEA
5267,STTK
5268,BWEN
5269,SPRU
5270,STAI
5271,HOWL
5272,ACFN
5273,NCEW
5274,SDST
5275,BCG
5276,DWSN
5277,PBBK
5278,LGL
5279,INTE
5280,FARM
5281,DSWL
5282,LASE
5283,PLUT
5284,RNLXY
5285,HKIT
5286,SHOT
5287,APYX
5288,VHC
5289,RNXT
5290,CLOQ
5291,RMTI
5292,REFR
5293,LITB
5294,TACT
5295,ATRA
5296,AXIL
5297,AIFF
5298,SCYX
5299,JRSH
5300,QZMRF
5301,TPIC
5302,VPLM
5303,KPLT
5304,BLIV
5305,IRD
5306,AGFY
5307,MNDO
5308,HBUV
5309,CAMP
5310,STEC
5311,BW
5312,HHS
5313,PXLW
5314,APHP
5315,OSTX
5316,IGTA
5317,XFOR
5318,YCQH
5319,AHT
5320,SODI
5321,ZBAO
5322,MOBX
5323,WAVE
5324,MEHCQ
5325,RVPH
5326,AUSI
5327,RADX
5328,FTCI
5329,MKDW
5330,NRXP
5331,ETST
5332,BGSF
5333,ACCS
5334,RBOT
5335,BIOF
5336,GMM
5337,GLST
5338,GLE
5339,BTTC
5340,ARKR
5341,RAVE
5342,SCLX
5343,LVTX
5344,MOBQ
5345,INDO
5346,APWC
5347,BMR
5348,XBP
5349,PMEC
5350,MPIR
5351,LILMF
5352,BNIX
5353,FOXX
5354,AWRE
5355,PXS
5356,CHEV
5357,UONE
5358,COEP
5359,AMPG
5360,NGLD
5361,GDC
5362,MYND
5363,CASI
5364,SPAI
5365,MRMD
5366,AVNI
5367,AERT
5368,WVVI
5369,NINE
5370,PGDE
5371,ZDGE
5372,FTEK
5373,BIYA
5374,MDAI
5375,IMTH
5376,CRWS
5377,SWVL
5378,BNR
5379,ZCMD
5380,POCI
5381,NYC
5382,PYN
5383,CVKD
5384,KSCP
5385,MKTW
5386,AACG
5387,LGCL
5388,PROCF
5389,CRMZ
5390,ESLA
5391,BTCS
5392,MMTIF
5393,MMCP
5394,MNY
5395,AGXPF
5396,SFCO
5397,KZR
5398,ALXO
5399,AAQL
5400,DRIO
5401,FCUV
5402,CVGI
5403,HRGN
5404,DYNR
5405,JYD
5406,UNXP
5407,BOLD
5408,FEMY
5409,GRCE
5410,IZEA
5411,BTM
5412,AIRE
5413,ALLK
5414,CIF
5415,AKTX
5416,BDCO
5417,PPSI
5418,IQST
5419,MLEC
5420,INKT
5421,INTS
5422,CLIR
5423,FPAY
5424,PRKA
5425,GROW
5426,KLXE
5427,OLKR
5428,INTG
5429,LSB
5430,BANL
5431,GVXXF
5432,GLGI
5433,NTIP
5434,SOHO
5435,MBBC
5436,AQUC
5437,KITT
5438,AAME
5439,CLPS
5440,COCH
5441,XOS
5442,BODI
5443,QNTO
5444,MSAI
5445,CLGN
5446,TOON
5447,AIXI
5448,FGEN
5449,AITX
5450,WAI
5451,SNTW
5452,YHGJ
5453,BRNS
5454,TURB
5455,SST
5456,SAGT
5457,VBIX
5458,GDTC
5459,ALGS
5460,VYNE
5461,PYPD
5462,OSRH
5463,ASBP
5464,SOND
5465,WYY
5466,NTWK
5467,NMTC
5468,EPOW
5469,GWH
5470,PZG
5471,HRBR
5472,HSON
5473,KIRK
5474,MHUBF
5475,FCCI
5476,INVU
5477,EHGO
5478,SVT
5479,TOPS
5480,MTEN
5481,STCB
5482,ONEG
5483,LUCN
5484,DARE
5485,NISN
5486,GORV
5487,INHD
5488,SCOR
5489,CDTG
5490,DTST
5491,TRSG
5492,PLUR
5493,SGRP
5494,TPST
5495,LXEH
5496,BRGC
5497,JUPGF
5498,KTCC
5499,LEXX
5500,SIDU
5501,CLNN
5502,MTC
5503,NRSN
5504,EDRY
5505,PAYD
5506,OCC
5507,ROLR
5508,ARBK
5509,HSTC
5510,TPCS
5511,GNRV
5512,FGL
5513,TLF
5514,PTZH
5515,HCMC
5516,DALN
5517,JZ
5518,SWIN
5519,KUKE
5520,FLUX
5521,LBGJ
5522,ANVS
5523,OESX
5524,GLBS
5525,GBIO
5526,MTBLY
5527,CLEV
5528,CENN
5529,XHLD
5530,VWFB
5531,NOM
5532,KLNG
5533,LRDC
5534,IPM
5535,JGLDF
5536,RSRV
5537,INIS
5538,OPI
5539,NOVA
5540,CGTX
5541,KFFB
5542,GAME
5543,LTCH
5544,NWGL
5545,BOWN
5546,OTLC
5547,KENS
5548,KALA
5549,ABCP
5550,IGC
5551,CKX
5552,QTTB
5553,JSDA
5554,ABVC
5555,TENX
5556,SWAG
5557,DRRX
5558,RAIN
5559,PUBC
5560,CVV
5561,MFON
5562,JUNS
5563,TOPP
5564,CMMB
5565,NNVC
5566,CPSH
5567,TRT
5568,CALC
5569,NSYS
5570,NXL
5571,CVM
5572,CXAI
5573,VASO
5574,NRDE
5575,IHT
5576,BATL
5577,BTCM
5578,VRAR
5579,RVP
5580,BOSC
5581,HUBC
5582,BEEM
5583,SCIA
5584,CTRM
5585,NEPH
5586,LEVGQ
5587,LGVN
5588,YTFD
5589,HUDI
5590,IZM
5591,INTZ
5592,NIXX
5593,CNFN
5594,EBON
5595,PASG
5596,FENG
5597,FGF
5598,ENLV
5599,KDOZF
5600,TTIPF
5601,ORIS
5602,YOSH
5603,XAIR
5604,JOB
5605,KIDZ
5606,GTIM
5607,PMN
5608,SNYR
5609,SPCB
5610,RMSG
5611,VVPR
5612,PULM
5613,AGSS
5614,MOGO
5615,UTSI
5616,SRLZF
5617,MSS
5618,MKZR
5619,VNCE
5620,XITO
5621,ELEV
5622,FTHM
5623,CDIO
5624,HPH
5625,LVLU
5626,RAPH
5627,GNOLF
5628,PCSV
5629,NTRP
5630,LTRPA
5631,RNGE
5632,OMEX
5633,BLTH
5634,ELBM
5635,GFAI
5636,ARBB
5637,CBSTF
5638,GRFX
5639,CHUC
5640,CCM
5641,STAK
5642,GTEC
5643,CXXIF
5644,CHAC
5645,ZOOZ
5646,IMG
5647,OVID
5648,ECDA
5649,HGTXU
5650,BFNH
5651,SGLA
5652,AYRWF
5653,CHKR
5654,IPA
5655,DAIO
5656,WNDW
5657,BGFV
5658,QTIH
5659,CJMB
5660,BCAB
5661,AUST
5662,VSEE
5663,KNGRF
5664,CETY
5665,JVA
5666,TETOF
5667,CNTM
5668,MTEX
5669,LSTA
5670,MIRA
5671,HUIZ
5672,NXGL
5673,IPW
5674,SUND
5675,RCG
5676,TBTC
5677,RMCO
5678,GNS
5679,INLF
5680,BTCT
5681,TWOH
5682,HBIO
5683,GYRO
5684,SXTC
5685,ZBAI
5686,IRIX
5687,PSHG
5688,AMOD
5689,NEWH
5690,MOGU
5691,AMS
5692,NAII
5693,CRVW
5694,IXHL
5695,PXPC
5696,DXST
5697,PBMLF
5698,CCTG
5699,BGI
5700,NEUP
5701,MAPPF
5702,GIGM
5703,PFSB
5704,ACPS
5705,LRE
5706,NSFDF
5707,EQ
5708,IEHC
5709,DQWS
5710,JBDI
5711,ENFY
5712,SRRE
5713,LPCN
5714,BCTX
5715,MGIH
5716,RENT
5717,BHV
5718,UBX
5719,COOT
5720,ROMA
5721,SMSI
5722,BLIN
5723,IINN
5724,EQTRF
5725,TOMZ
5726,CAPT
5727,ABVE
5728,BIXT
5729,PCLA
5730,MODV
5731,NNUP
5732,EDSA
5733,BMNR
5734,MTEK
5735,BFRG
5736,GTI
5737,PMNT
5738,EDTK
5739,NVNI
5740,CFOO
5741,SKYQ
5742,PLRZ
5743,BOF
5744,SISI
5745,MDRR
5746,ENMI
5747,PT
5748,PTLE
5749,WXM
5750,ONMD
5751,ATER
5752,CHR
5753,CING
5754,SIF
5755,LEDS
5756,LFWD
5757,USNU
5758,MSBB
5759,PGFF
5760,CREG
5761,ADGM
5762,GLBZ
5763,MRAI
5764,CLDI
5765,VAUCF
5766,UPYY
5767,WETH
5768,LUDG
5769,BIVI
5770,SFHG
5771,ELSE
5772,PC
5773,ILAL
5774,PCMC
5775,TDTH
5776,MXC
5777,GLYC
5778,CLNV
5779,BRN
5780,DPRO
5781,DTSS
5782,WKSP
5783,LPTX
5784,LDTC
5785,LNBY
5786,QNTM
5787,ORGS
5788,CREX
5789,COCP
5790,XTKG
5791,LIQT
5792,AXDX
5793,FRSX
5794,CWBHF
5795,CLRB
5796,RMSL
5797,ALUR
5798,VSMR
5799,QMCI
5800,BSGM
5801,SPND
5802,COHN
5803,YQ
5804,RLBY
5805,BNAI
5806,ALLR
5807,EHLD
5808,FEDU
5809,ABP
5810,ORKT
5811,JFU
5812,SLGL
5813,FTEL
5814,GEBRF
5815,PAIYY
5816,SOS
5817,TAIT
5818,TKLF
5819,PHIO
5820,PIAC
5821,CRIS
5822,HOVR
5823,JDZG
5824,SABS
5825,AQMS
5826,PETV
5827,BOLT
5828,HTCR
5829,PHGE
5830,CLRO
5831,MEIP
5832,EQS
5833,IMNN
5834,FEBO
5835,GOVB
5836,STFS
5837,EXDW
5838,GUER
5839,GP
5840,KTEL
5841,TIRX
5842,INAB
5843,GEDC
5844,NXPL
5845,KAPA
5846,REBN
5847,MBRX
5848,MSPR
5849,KWIK
5850,ZEOX
5851,WW
5852,JCTC
5853,AFMD
5854,STI
5855,BLBX
5856,QMMM
5857,BNGO
5858,AIRO
5859,NEHC
5860,NCRA
5861,FAAS
5862,CRWE
5863,SKK
5864,STLY
5865,BRTX
5866,WCT
5867,LIDR
5868,SYNX
5869,SPPL
5870,VVOS
5871,NCL
5872,PAVM
5873,UAVS
5874,FDCT
5875,SYBX
5876,THMG
5877,APCX
5878,TXMD
5879,LICYF
5880,UBXG
5881,ANY
5882,BPT
5883,PRTG
5884,MRKR
5885,SPRS
5886,DLPN
5887,IRME
5888,CODX
5889,IVDN
5890,PBSV
5891,PRPH
5892,PITA
5893,HYFM
5894,PSTV
5895,NRXS
5896,AAUAF
5897,BTCY
5898,MOB
5899,DTCK
5900,ICU
5901,QURT
5902,CRGH
5903,CUBT
5904,BNRG
5905,BASA
5906,NERV
5907,BHAT
5908,HKPD
5909,MYCB
5910,NMREF
5911,MGRX
5912,OXBR
5913,PGHL
5914,PSIG
5915,CMBM
5916,PWM
5917,KXIN
5918,PMHS
5919,TRIB
5920,DFCO
5921,MMA
5922,YYAI
5923,PETZ
5924,NYMXF
5925,BLRX
5926,CLIK
5927,XTLB
5928,SSKN
5929,RLYB
5930,CWD
5931,GRYP
5932,UCAR
5933,HOTH
5934,FLYE
5935,DRCT
5936,AIRI
5937,TCRI
5938,CJET
5939,STRM
5940,GDHG
5941,EDUC
5942,SOGP
5943,EJH
5944,TRAW
5945,SNSE
5946,BLMH
5947,DUKR
5948,EKSO
5949,SANW
5950,VIVC
5951,ANTE
5952,JL
5953,VSTE
5954,VS
5955,AWX
5956,USEA
5957,GLXG
5958,PLAG
5959,ASTC
5960,HOLO
5961,PRZO
5962,TLPH
5963,BTAI
5964,RLMD
5965,KDLY
5966,AHNR
5967,DUO
5968,BNZI
5969,HOOK
5970,RETO
5971,IMRN
5972,SAG
5973,IBIO
5974,BMNM
5975,ERNA
5976,RMCF
5977,FLGC
5978,SDCH
5979,QYOUF
5980,JPOTF
5981,BKUCF
5982,ONEI
5983,GOVX
5984,DATS
5985,SCND
5986,MCVT
5987,EFOI
5988,CYCA
5989,PHIL
5990,MTR
5991,MI
5992,MWG
5993,GSIW
5994,SONM
5995,SDOT
5996,ZONE
5997,SEED
5998,ATHA
5999,NXTC
6000,MHUA
6001,XIN
6002,SQFT
6003,VYND
6004,AIHS
6005,NKLAQ
6006,INBP
6007,HCTI
6008,CPOP
6009,XERI
6010,CTXR
6011,BCDA
6012,HYEX
6013,PFHO
6014,HCWB
6015,KLYG
6016,NURO
6017,GURE
6018,AGH
6019,CLWT
6020,LISMF
6021,TNMG
6022,LTRY
6023,IONI
6024,QSJC
6025,SRAX
6026,GWAV
6027,BBGI
6028,AEI
6029,CSCI
6030,HUSA
6031,KPRX
6032,SUGP
6033,HLRTF
6034,CANF
6035,EEIQ
6036,CARM
6037,DSS
6038,TIKK
6039,ECTM
6040,SLNH
6041,RVYL
6042,CVR
6043,ACXP
6044,RBNE
6045,BSLK
6046,ECRO
6047,GELS
6048,TPET
6049,NCI
6050,HLYK
6051,MNTS
6052,BIAF
6053,SCKT
6054,SMTK
6055,APRE
6056,MSN
6057,WRPT
6058,ICDX
6059,UGRO
6060,WATT
6061,JTAI
6062,AMZE
6063,AIMD
6064,RVSN
6065,LBCMF
6066,LCTC
6067,XCRT
6068,CVAT
6069,ARTW
6070,PRPO
6071,EVAX
6072,BREA
6073,POAI
6074,TESI
6075,MSTH
6076,BLNE
6077,GIPR
6078,AMST
6079,PMCB
6080,TSBX
6081,BETRF
6082,INBS
6083,CEIN
6084,MFBI
6085,FXBY
6086,COSM
6087,ADXN
6088,TWG
6089,AMBO
6090,BICX
6091,GV
6092,MARPS
6093,CNFR
6094,YJ
6095,GTHP
6096,VCIG
6097,LILIF
6098,KRKR
6099,MIGI
6100,DHAI
6101,NWTG
6102,CYN
6103,SCNX
6104,LVRLF
6105,TRNR
6106,VRME
6107,ASST
6108,DXYN
6109,BMRA
6110,CDT
6111,EWSB
6112,CHRO
6113,AIFU
6114,GPOX
6115,BFRI
6116,KSEZ
6117,RDGA
6118,CHSN
6119,LSH
6120,GXAI
6121,GVH
6122,AEMD
6123,DTC
6124,VMAR
6125,GRHI
6126,TBH
6127,ADN
6128,LNKS
6129,ACUT
6130,CISO
6131,AIEV
6132,MOJO
6133,INDP
6134,CARV
6135,PNBK
6136,LIMX
6137,MMTRS
6138,NMEX
6139,FBGL
6140,DWTX
6141,IVDA
6142,INTI
6143,SOWG
6144,BRGX
6145,EVGN
6146,GREE
6147,PKKFF
6148,FHLD
6149,MFI
6150,MYNZ
6151,SKAS
6152,RITE
6153,FMST
6154,PPBT
6155,OCEA
6156,SBEV
6157,GRNQ
6158,CYCN
6159,AREB
6160,BDCC
6161,SUIC
6162,HWH
6163,BMXI
6164,SAIH
6165,SLXN
6166,BPTSY
6167,BTBD
6168,HIHO
6169,DDC
6170,WKHS
6171,ADIA
6172,TRUG
6173,PURE
6174,DROR
6175,WOK
6176,ILAG
6177,MCUJF
6178,ENZN
6179,NRIS
6180,SIGY
6181,IVP
6182,CEAD
6183,KIQSF
6184,LDWY
6185,TIGCF
6186,FFNTF
6187,MTVA
6188,ALBT
6189,CRYM
6190,APM
6191,PTN
6192,FFLO
6193,SRCO
6194,TRXA
6195,LBSR
6196,NKGN
6197,MTPP
6198,NGTF
6199,WTO
6200,CBIH
6201,NAAS
6202,SSY
6203,AYTU
6204,APLM
6205,ELWS
6206,NROM
6207,SNGX
6208,FORD
6209,MOVE
6210,SEVCF
6211,PEVM
6212,INTJ
6213,AIJTY
6214,LIPO
6215,BRQSF
6216,PET
6217,LNTO
6218,HMBL
6219,YERBF
6220,RYDE
6221,TGL
6222,EBZT
6223,VADP
6224,RTC
6225,LMRMF
6226,ILUS
6227,TRBMF
6228,SGMA
6229,ULY
6230,GTBP
6231,CNEY
6232,RIME
6233,FTSP
6234,EONR
6235,LIFD
6236,STRR
6237,LYRA
6238,BZYR
6239,APYP
6240,LMFA
6241,GNPX
6242,MITQ
6243,NLSP
6244,HTOO
6245,OTRK
6246,MRM
6247,RDGT
6248,GSUN
6249,ONFO
6250,DEVS
6251,CREV
6252,WAFU
6253,SNBH
6254,IBG
6255,KAVL
6256,RSMXF
6257,BABB
6258,SRNW
6259,RYES
6260,NCNA
6261,ASNS
6262,CPMV
6263,BQ
6264,CVSI
6265,EVTV
6266,ICCT
6267,XONI
6268,XELB
6269,TNON
6270,NAOV
6271,CMGHF
6272,IBO
6273,SPHL
6274,VISL
6275,ECIA
6276,GHST
6277,XTIA
6278,ACON
6279,POLA
6280,GLNS
6281,HOFV
6282,LGCB
6283,BMTM
6284,QWTR
6285,STME
6286,GULTU
6287,LOBO
6288,TNLX
6289,SHFS
6290,AZTR
6291,OP
6292,CLEU
6293,LCFY
6294,DPLS
6295,HLGN
6296,APTOF
6297,SPFX
6298,CELZ
6299,CYCU
6300,LRHC
6301,IDXG
6302,FGNV
6303,NVFY
6304,NUMD
6305,SPRB
6306,HIGR
6307,AAMTF
6308,CPHI
6309,SLTN
6310,JCSE
6311,VSA
6312,CHNR
6313,BGLC
6314,MEGL
6315,GLVT
6316,OMH
6317,CMND
6318,XYLB
6319,YBGJ
6320,BCLI
6321,PKTX
6322,PTOP
6323,KLTO
6324,ALZN
6325,PMAX
6326,ABTS
6327,XAGE
6328,SVBL
6329,ADMT
6330,DSNY
6331,ZDPY
6332,SXTP
6333,ADIL
6334,SILO
6335,NUVI
6336,GARWF
6337,DFLI
6338,SRM
6339,UUU
6340,FGI
6341,ZKIN
6342,IMCC
6343,SNTG
6344,YJGJ
6345,TRLEF
6346,ICON
6347,LUCY
6348,SBFM
6349,VRAX
6350,NZERF
6351,HCWC
6352,VERB
6353,SINT
6354,ZAPP
6355,TARSF
6356,RKDA
6357,AYRO
6358,MAGE
6359,IMTE
6360,AEON
6361,TCRT
6362,RHEP
6363,NCPL
6364,HWNI
6365,CNTGF
6366,CTNT
6367,MYNAY
6368,HSTA
6369,BWMG
6370,ELVG
6371,AMIX
6372,SMREF
6373,CMCT
6374,XWEL
6375,HEPA
6376,AHRO
6377,VPRB
6378,CMLS
6379,XBIO
6380,NUWE
6381,SYTA
6382,GOGR
6383,SNOA
6384,SOAR
6385,OCLN
6386,CBDS
6387,BLNC
6388,LPTV
6389,RSLS
6390,FTFT
6391,SNRG
6392,CHEK
6393,DRMA
6394,SLE
6395,MITI
6396,AVCRF
6397,KTTA
6398,PRFX
6399,ATXG
6400,ROYL
6401,OGEN
6402,SONN
6403,PW
6404,NITO
6405,VEEE
6406,BUDZ
6407,JWEL
6408,GBR
6409,KZIA
6410,WHLT
6411,VSME
6412,WLGS
6413,WNW
6414,MBIO
6415,EDXC
6416,BTTR
6417,TOVX
6418,WBUYF
6419,XYLO
6420,MSGM
6421,IDAI
6422,HCNWF
6423,RDHL
6424,QNRX
6425,JAGX
6426,ORMNF
6427,HAO
6428,CLSH
6429,NBY
6430,FUST
6431,PSYCF
6432,JXG
6433,TTNP
6434,LIXT
6435,SEAV
6436,HSCS
6437,LEBGF
6438,BNET
6439,KANT
6440,BURU
6441,STEK
6442,ATCH
6443,BOXL
6444,UPXI
6445,NRRWF
6446,DEFG
6447,GLTO
6448,GESI
6449,XRTX
6450,ATNF
6451,CNET
6452,INM
6453,PALI
6454,ALDS
6455,INKW
6456,MINM
6457,SNES
6458,BGAVF
6459,VLCN
6460,EVOK
6461,CAPS
6462,ARTL
6463,SENR
6464,NVVE
6465,GITS
6466,GRST
6467,TAOP
6468,TTOO
6469,LUVU
6470,FWFW
6471,ONVO
6472,CRKN
6473,CBLO
6474,SPRC
6475,OVTZ
6476,URZEF
6477,EGTYF
6478,CPMD
6479,YHC
6480,GLMD
6481,RELI
6482,SNPX
6483,MTNB
6484,GTLL
6485,CASK
6486,APVO
6487,ATMH
6488,GPUS
6489,MYSZ
6490,TOFB
6491,LTUM
6492,STTDF
6493,ZCAR
6494,ASRE
6495,FUNI
6496,LGIQ
6497,QIND
6498,XPON
6499,TLLTF
6500,REVB
6501,SRGZ
6502,HIRU
6503,STKH
6504,ALTX
6505,BAOS
6506,ALDA
6507,QRON
6508,IWSH
6509,ENSC
6510,EDBL
6511,SGLY
6512,ADTX
6513,AQB
6514,KNOS
6515,MDCE
6516,BITTF
6517,VPER
6518,CTHR
6519,FOXO
6520,PRSO
6521,BKYI
6522,NULGF
6523,OHCS
6524,VTAK
6525,BENF
6526,UCLE
6527,EEGI
6528,ALRTF
6529,IPDN
6530,OCTO
6531,IFBD
6532,BRST
6533,AEHL
6534,TRCK
6535,OBLG
6536,LDSN
6537,MARK
6538,QLGN
6539,PAPL
6540,CNSP
6541,IGEX
6542,CISS
6543,SOPA
6544,KWE
6545,PNYG
6546,ITP
6547,VERO
6548,UNQL
6549,CNNN
6550,SGD
6551,ZPHYF
6552,THAR
6553,BLMZ
6554,ASTI
6555,CIPI
6556,STQN
6557,ENVB
6558,SBIG
6559,TANH
6560,BBLG
6561,AUMN
6562,AIMI
6563,AUUD
6564,AGRI
6565,UOKA
6566,EYEN
6567,FRCB
6568,VYCO
6569,SGBX
6570,BLIS
6571,OLB
6572,TIVC
6573,CETX
6574,NXUR
6575,GPLB
6576,AAUGF
6577,GCTK
6578,PBM
6579,WOLV
6580,DGLY
6581,AGTX
6582,MGON
6583,DXF
6584,CRCW
6585,PNST
6586,GNLN
6587,GRTX
6588,OZSC
6589,DREM
6590,OWPC
6591,FAMI
6592,FRGT
6593,PTIX
6594,SNAX
6595,MGAM
6596,SCNI
6597,LICN
6598,NIVF
6599,CRCE
6600,ABTI
6601,CBMJ
6602,EFSH
6603,HGYN
6604,BSAI
6605,WLDS
6606,CYAN
6607,MMVVF
6608,NDRA
6609,NXTT
6610,ENTO
6611,XXII
6612,LBUY
6613,PGOL
6614,EZGO
6615,ZVSA
6616,USAQ
6617,VYST
6618,ILST
6619,EGMCF
6620,ELAB
6621,JFBR
6622,CERO
6623,DHCC
6624,SVRE
6625,DBMM
6626,HUML
6627,TC
6628,KCRD
6629,GTCH
6630,GEGP
6631,CLRI
6632,MRIN
6633,HSDT
6634,MVNC
6635,KAYS
6636,XGEN
6637,LGCP
6638,GETR
6639,SMX
6640,FECOF
6641,AKAN
6642,SHPH
6643,ABCFF
6644,SBET
6645,UK
6646,NUGN
6647,MRNJ
6648,BLFR
6649,PBLA
6650,ATYG
6651,HGAS
6652,SMCE
6653,PMVC
6654,SKVI
6655,BRWC
6656,NWCN
6657,UPC
6658,BOTH
6659,WHLR
6660,LGHL
6661,ENSV
6662,NVSGF
6663,PRSI
6664,NIMU
6665,WAST
6666,GMER
6667,YCBD
6668,PCSA
6669,HHHEF
6670,CLDVF
6671,STBX
6672,BRVO
6673,OILCF
6674,GWSO
6675,HLLK
6676,CWPE
6677,BEGI
6678,CSUI
6679,BELR
6680,ESMC
6681,NAYA
6682,ISPC
6683,ATAO
6684,PTPI
6685,BJDX
6686,INTV
6687,KNW
6688,AGMH
6689,JFIL
6690,TOGI
6691,WORX
6692,BTOG
6693,ARRT
6694,SLRX
6695,QTTOY
6696,AETHF
6697,YBCN
6698,MMEX
6699,PAXH
6700,BPTH
6701,GNTOF
6702,GRI
6703,RCIT
6704,MNTR
6705,VISM
6706,KEGS
6707,RGBP
6708,AIXN
6709,SRSG
6710,ASFT
6711,MMND
6712,PTCO
6713,TSOI
6714,EMMA
6715,RMESF
6716,ONAR
6717,LKCOF
6718,EVFM
6719,MGTI
6720,PNXP
6721,LINMF
6722,CBDY
6723,EAWD
6724,TRVN
6725,SPEV
6726,BDRX
6727,HWKE
6728,SPIEF
6729,SGN
6730,LQWC
6731,ENRT
6732,AVRW
6733,BSFC
6734,CLOW
6735,PTOS
6736,ARTH
6737,CONC
6738,ISCO
6739,APDN
6740,BSPK
6741,ODYY
6742,SLDC
6743,ONCO
6744,WINT
6745,CAMG
6746,CBDL
6747,BDPT
6748,NMHI
6749,LADX
6750,OMQS
6751,BBLR
6752,ASII
6753,VIRX
6754,DYNT
6755,ATXI
6756,USLG
6757,CAPC
6758,BON
6759,TMGI
6760,LAAB
6761,GRLF
6762,PLSH
6763,SCPX
6764,LFLY
6765,AVPMF
6766,LYTHF
6767,VEII
6768,MRPT
6769,NRHI
6770,CCCP
6771,GCAN
6772,MULN
6773,TNFA
6774,TUPBQ
6775,MLRT
6776,YCRM
6777,ABQQ
6778,KRFG
6779,NGCG
6780,VNTH
6781,REOS
6782,NXEN
6783,CBDW
6784,NWPN
6785,TUTH
6786,FRZT
6787,BIGGQ
6788,QPRC
6789,DTII
6790,LGMK
6791,SSOK
6792,AKTSQ
6793,ITOX
6794,AIAD
6795,SVUHF
6796,DMN
6797,FBCD
6798,SKFG
6799,SKYI
6800,RMTG
6801,NNAX
6802,WDDD
6803,ADD
6804,VEST
6805,ATVK
6806,STSS
6807,JEWL
6808,BOTY
6809,SHWZ
6810,OMTK
6811,SAML
6812,SUNE
6813,ACAN
6814,ECPL
6815,BLPG
6816,NIHK
6817,VRTC
6818,MCOM
6819,GSAC
6820,SYIN
6821,NSTM
6822,BHILQ
6823,BIOLQ
6824,SOBR
6825,GFMH
6826,VHAI
6827,SATT
6828,MTLK
6829,SHRG
6830,GSLR
6831,JKSM
6832,CNBX
6833,ALCE
6834,DGWR
6835,DCLT
6836,NCNCF
6837,VRPX
6838,VMHG
6839,CYTOF
6840,RAKR
6841,PLTYF
6842,AOXY
6843,EMED
6844,LEEN
6845,RNAZ
6846,GMPW
6847,GSTC
6848,FLXT
6849,CTKYY
6850,LUXH
6851,KRBPQ
6852,GRPS
6853,LOWLF
6854,SPOWF
6855,FCHS
6856,TCBPY
6857,EMDF
6858,GRVE
6859,BACK
6860,CWNOF
6861,SHMP
6862,AIBT
6863,BISA
6864,FMTO
6865,SING
6866,GBLX
6867,NBND
6868,BRSHF
6869,VEVMQ
6870,CIRX
6871,INND
6872,IPSI
6873,FSTJ
6874,SONG
6875,NUVOQ
6876,NVOS
6877,FOMI
6878,BANT
6879,BOMO
6880,STRG
6881,GPAK
6882,ATDS
6883,SOUL
6884,RAC
6885,FCHL
6886,PRGY
6887,AVG
6888,AURN
6889,NPAC
6890,PELI
6891,BSAA
6892,SKUB
6893,GJR
6894,RNBW
6895,CEPT
6896,ZGM
6897,SDHI
6898,AVBC
6899,PLBL
6900,EVOY
6901,CPAXF
6902,ASIC
6903,YDDL
6904,AAS
6905,AIAS
6906,TYZ
6907,TREO
6908,PFAI
6909,JBK
6910,SPEG
6911,MGN
6912,MENS
6913,CABR
6914,MSGY
6915,CFND
6916,VNTG
6917,AII
6918,HAVA
6919,DSRNY
6920,SQEI
6921,PICW
6922,GJT
6923,GLXY
6924,GJP
6925,RGNT
6926,BGO
6927,EIIA
6928,HCPC
6929,GEHDF
6930,RAAQ
6931,GTSG
6932,AURS
6933,VLAI
6934,DVS
6935,HMH
6936,DAAQ
6937,TVAI
6938,MTNE
6939,MJID
6940,ANPA
6941,ODTX
6942,FGO
6943,KG
6944,GLNK
6945,BMHL
6946,JTGEY
6947,NRUC
6948,ETHV
6949,MGNO
6950,WDSP
6951,QSEA
6952,BAR
6953,MDNC
6954,TVRD
6955,DEFI
6956,BTCO
6957,ALEH
6958,WYGC
6959,ETHW
6960,USCI
6961,FETH
6962,BITW
6963,SGOL
6964,BNO
6965,SIVR
6966,IVHI
6967,FOFA
6968,YOUL
6969,ENGCQ
6970,UYSC
6971,GLDM
6972,AIMA
6973,PEW
6974,GLTR
6975,XSIAX
6976,BIORQ
6977,MGTE
6978,AAAU
6979,CHSCP
6980,FXB
6981,PLTM
6982,NHIC
6983,AWHL
6984,FXC
6985,UNL
6986,ETH
6987,FERA
6988,HODL
6989,BTC
6990,AIDG
6991,OUNZ
6992,UGA
6993,BGXXQ
6994,PALL
6995,HZEN
6996,XPTFX
6997,ARKB
6998,GSHR
6999,HBANP
7000,JRWP
7001,JLCN
7002,PYT
7003,ETCG
7004,EZET
7005,IAUM
7006,TPTA
7007,RAN
7008,IBIT
7009,MLCI
7010,DAIC
7011,AHMA
7012,AGRZ
7013,VCKB
7014,CAST
7015,BGL
7016,NHPAP
7017,FBIC
7018,GTEN
7019,JLHL
7020,POAS
7021,VTEK
7022,KTN
7023,QVCD
7024,OMNI
7025,AEBI
7026,POM
7027,NAMM
7028,BGIN
7029,MDER
7030,KNRX
7031,DLXY
7032,GFTTY
7033,VWAV
7034,LFS
7035,GJH
7036,HPOT
7037,CDGLY
7038,GACW
7039,YMAT
7040,DMNT
7041,AMRZ
7042,IPB
7043,SYNSY
7044,QMSK
7045,FFFZ
7046,CIGL
7047,BITB
7048,TFSA
7049,TGHL
7050,ELOG
7051,BUUU
7052,MAMK
7053,PMTR
7054,CTMB
7055,PHOE
7056,GRAN
7057,GSOL
7058,ESPA
7059,LCCC
7060,TMDE
7061,XDT
7062,FXF
7063,CURX
7064,GBAT
7065,RYOJ
7066,INKS
7067,EMPG
7068,FGDL
7069,LDIN
7070,VNME
7071,BNPZY
7072,HCHL
7073,TDIC
7074,CRE
7075,CABI
7076,NUTR
7077,GLIV
7078,GIBO
7079,EGG
7080,HDLMY
7081,SDM
7082,SNI
7083,CGEH
7084,DZSIQ
7085,LOKV
7086,ZCSH
7087,TVCN
7088,HNGE
7089,NOMA
7090,UHL
7091,TVA
7092,MANA
7093,FMFC
7094,AMJK
7095,TSLVF
7096,GLSA
7097,TMGX
7098,IPCX
7099,XZ
7100,YDES
7101,SCAG
7102,TMRD
7103,SAFX
7104,PTNM
7105,DTDT
7106,KMYGY
7107,CRA
7108,SFTO
7109,GJS
7110,FUPEY
7111,PPLT
7112,CLUS
7113,ODRS
7114,UUP
7115,OFAL
7116,ICR-PA
7117,ETHA
7118,PDSRX
7119,DNMRQ
7120,GCEHQ
7121,EZBC
7122,SVXY
7123,WSBK
7124,FBTC
7125,CHAR
7126,ETHE
7127,BTCW
7128,TACH
7129,CBGGF
7130,CETH
7131,ZLME
7132,ETI-P
7133,NCIQ
7134,CHPG
7135,TLIH
7136,KYTFY
7137,OMSE
7138,DCR
7139,SMIP
7140,GVSE
7141,FLYB
7142,ELCG
7143,MVRK
7144,LIMN
7145,ARAI
7146,RDAG
7147,GJO
7148,CMDB
7149,USIC
7150,LHAI
7151,CNCL
7152,NBBI
7153,UDN
7154,HWEP
7155,BYLT
7156,USL
7157,QHT
7158,DLHZ
7159,KTH
7160,EZPZ
7161,PMI
7162,LAWR
7163,CTBB
7164,FXA
7165,ELC
7166,DNQAF
7167,OAK-PA
7168,EDHL
7169,DDCIU
7170,QETH
7171,BRRR
7172,LVDW
7173,GOEVQ
7174,GXLM
7175,BMYMP
7176,GOOG
7177,USB-PA
7178,BRK-A
7179,TSMWF
7180,JPM-PC
7181,JPM-PD
7182,SAPGF
7183,BML-PH
7184,BML-PG
7185,NONOF
7186,BABAF
7187,BML-PJ
7188,ASMLF
7189,BAC-PE
7190,BML-PL
7191,BAC-PB
7192,BAC-PK
7193,TOYOF
7194,NVSEF
7195,AZNCF
7196,PCCYF
7197,RYDAF
7198,WFC-PL
7199,WFC-PY
7200,HBCYF
7201,SNEJF
7202,TBB
7203,MBFJF
7204,UNLYF
7205,BUDFF
7206,SNYNF
7207,TTFNF
7208,WFC-PC
7209,EADSF
7210,BPAQF
7211,BHPLF
7212,CILJF
7213,RTPPF
7214,IDEXF
7215,BCDRF
7216,NCRRP
7217,NTTYY
7218,ABLZF
7219,ABBNY
7220,AIQUF
7221,BNPQY
7222,BTAFF
7223,CFRHF
7224,STOHF
7225,SMFNF
7226,SNPMF
7227,MBGAF
7228,GS-PA
7229,USB-PH
7230,EBBNF
7231,MS-PA
7232,BNPQF
7233,GS-PD
7234,CTA-PB
7235,USB-PP
7236,PPRUF
7237,AMXOF
7238,GLAXF
7239,GLCNF
7240,BAESF
7241,MS-PK
7242,PBR-A
7243,KDDIF
7244,MS-PI
7245,MS-PF
7246,MS-PE
7247,NETTF
7248,RLXXF
7249,DGEAF
7250,DUK-PA
7251,JDCMF
7252,EIPAF
7253,FMCCT
7254,CCZ
7255,BYMOF
7256,WEBNF
7257,IFNNF
7258,MZHOF
7259,HTHIF
7260,NGGTF
7261,BAMXF
7262,SCHW-PD
7263,TKPHF
7264,DKILF
7265,BECEF
7266,SPG-PJ
7267,CTA-PA
7268,TNCAF
7269,INGVF
7270,MET-PA
7271,TRPCF
7272,MET-PE
7273,LLDTF
7274,PLDGP
7275,WOPEF
7276,BBVXF
7277,HLNCF
7278,DNZOF
7279,TCANF
7280,HNDAF
7281,PSA-PH
7282,SVNDF
7283,PUKPF
7284,BAMGF
7285,MRAAF
7286,TCKRF
7287,ALL-PH
7288,BSQKZ
7289,RBSPF
7290,ALL-PB
7291,PSA-PK
7292,FNCTF
7293,FUJIF
7294,HEI-A
7295,LEN-B
7296,CIXPF
7297,BAIDF
7298,XPNGF
7299,BCLYF
7300,RSMDF
7301,CODGF
7302,NOKBF
7303,CAJPY
7304,LAAOF
7305,ERIXF
7306,ORXCF
7307,TEFOF
7308,BBDO
7309,GNMSF
7310,ANNSF
7311,DLR-PK
7312,RCIAF
7313,HKHHF
7314,CJPRF
7315,AMSYF
7316,SAXPF
7317,RYAOF
7318,MKC-V
7319,TNRSF
7320,RSTRF
7321,FCNCB
7322,FITB
7323,VODPF
7324,CAJFF
7325,DLR-PJ
7326,YAHOF
7327,SOJC
7328,FOX
7329,COCSF
7330,TELNF
7331,STT-PG
7332,FWONK
7333,FWONA
7334,PGPEF
7335,HBAN
7336,WLMIF
7337,EJPRF
7338,FWONB
7339,HIG-PG
7340,STMEF
7341,DUKH
7342,POAHF
7343,RKLIF
7344,HRNNF
7345,OMVJF
7346,SGSOF
7347,JHIUF
7348,SPXSF
7349,RYLPF
7350,AMCCF
7351,FAXXF
7352,EBR-B
7353,NRSCF
7354,BIO-B
7355,BF-B
7356,CHEAF
7357,CHKIF
7358,ADTTF
7359,NWS
7360,HLBZF
7361,KEY-PK
7362,Z
7363,KKPNF
7364,TEVJF
7365,SSMXF
7366,CRERF
7367,FNMAS
7368,JBARF
7369,KEY-PJ
7370,SGIOF
7371,FRFFF
7372,HUNGF
7373,PTPIF
7374,HKHGF
7375,NVZMF
7376,APO-PA
7377,KEY-PI
7378,NLY-PG
7379,NLY-PF
7380,FNMAJ
7381,FNGD
7382,GFIOF
7383,FRFXF
7384,NCSYF
7385,SVYSF
7386,WSO-B
7387,FMCQF
7388,MAA-PI
7389,LBRDB
7390,RF-PC
7391,FNMAH
7392,SNNUF
7393,SHECF
7394,LBRDK
7395,BZLFF
7396,ACGLO
7397,ALMMF
7398,ERRAF
7399,UHAL-B
7400,TAP-A
7401,PBNNF
7402,WPPGF
7403,NNGPF
7404,AOMFF
7405,KIKOF
7406,AEGOF
7407,CUKPF
7408,FREJO
7409,YAMHF
7410,NDEKF
7411,RDEIF
7412,JGSHF
7413,LBTYB
7414,UEPCN
7415,GPAEF
7416,CXMSF
7417,OUKPF
7418,PSORF
7419,RZB
7420,GS-PC
7421,AGNCN
7422,AGNCM
7423,UEPEO
7424,UEPEP
7425,ASRMF
7426,PSNYW
7427,SASOF
7428,VNORP
7429,ROHCF
7430,AMH-PH
7431,FRT-PC
7432,OSCUF
7433,NIOIF
7434,VNO-PL
7435,AMH-PG
7436,UEPCP
7437,VNO-PM
7438,PARAA
7439,RKUNF
7440,ATH-PA
7441,FMCCI
7442,UEPEM
7443,UEPEN
7444,BLBLF
7445,VOYA-PB
7446,GIFLF
7447,PADEF
7448,GIFOF
7449,MSUXF
7450,JCYCF
7451,DSECF
7452,CMSA
7453,KIM-PM
7454,RNR-PF
7455,FMCKI
7456,KIM-PL
7457,FANUF
7458,BCUCF
7459,KAKKF
7460,SLG-PI
7461,FUPBY
7462,FUPEF
7463,GIKLY
7464,PCG-PA
7465,THNPY
7466,CWEN-A
7467,QBCRF
7468,QBCAF
7469,CIG-C
7470,UNMA
7471,PCG-PB
7472,SLFPF
7473,OAK-PB
7474,BKGFF
7475,BPOPO
7476,SNV-PD
7477,HGMCF
7478,PHTCF
7479,PCG-PE
7480,ATGFF
7481,PPENF
7482,JSM
7483,BHFAL
7484,PCG-PD
7485,PCG-PC
7486,EPR-PG
7487,GAB-PG
7488,FNMFN
7489,AFRAF
7490,PCG-PH
7491,BZZUF
7492,TKAYF
7493,FURCF
7494,PCG-PG
7495,GAERF
7496,AXS-PE
7497,RUSHB
7498,DTW
7499,PYCR
7500,DFRYF
7501,PCG-PI
7502,SR-PA
7503,SLMBP
7504,REXR-PB
7505,TCMFF
7506,DLAKF
7507,THNPF
7508,LBTYK
7509,PBI-PB
7510,JTKWY
7511,WTFCM
7512,TWO-PC
7513,SF-PB
7514,CIXXF
7515,SWI
7516,CIM-PB
7517,CIM-PD
7518,MOG-B
7519,ESGRP
7520,MYTHF
7521,BHFAP
7522,AKO-B
7523,SBYSF
7524,CIM-PC
7525,TWO-PB
7526,SPTJF
7527,TWO-PA
7528,WRB-PE
7529,WBS-PF
7530,VLYPP
7531,ESGRO
7532,VLYPO
7533,RLJ-PA
7534,PEB-PF
7535,LIFX
7536,PEB-PE
7537,CIM-PA
7538,ROYMF
7539,PEGRF
7540,TY-P
7541,GNGYF
7542,HMDCF
7543,FMCCG
7544,ASB-PE
7545,MFA-PB
7546,FNMAM
7547,GEF-B
7548,SOCGP
7549,AILLI
7550,HOVNP
7551,BATRK
7552,NSA-PA
7553,BATRB
7554,UA
7555,WELPP
7556,AILLM
7557,AILLN
7558,TRTN-PA
7559,CDGLF
7560,FNMAN
7561,TROLB
7562,AILIM
7563,FMCCJ
7564,SRG-PA
7565,FNMAI
7566,NHNKF
7567,CODQL
7568,AILLO
7569,CENTA
7570,LXP-PC
7571,TKCM
7572,FNMAT
7573,AILIN
7574,FNMAK
7575,FNMAL
7576,FNMFM
7577,AILLP
7578,IVR-PC
7579,WLYB
7580,FNMAO
7581,FNMAG
7582,FNMFO
7583,ALTB
7584,AGM-A
7585,LGF-B
7586,GDV-PH
7587,FISK
7588,GRPFF
7589,EVOTF
7590,GLPGF
7591,NGL-PC
7592,NGL-PB
7593,BFS-PD
7594,FMCCL
7595,OGCP
7596,ATSG
7597,FMCKL
7598,PMT-PA
7599,PMT-PB
7600,GNL-PA
7601,LILAB
7602,STSFF
7603,GAB-PH
7604,HCXY
7605,FMCCS
7606,FMCCO
7607,MHLA
7608,CODI-PB
7609,FMCKN
7610,FREJN
7611,CMGMF
7612,FMCCN
7613,FMCKO
7614,NYMTN
7615,GLOP-PB
7616,FMCKJ
7617,FMCKM
7618,AHL-PD
7619,FREGP
7620,GLOP-PA
7621,FMCCH
7622,GLOP-PC
7623,FMCCK
7624,CODI-PA
7625,HL-PB
7626,LILAK
7627,FMCCP
7628,FMCCM
7629,FMCKP
7630,PLLTL
7631,GRAF-UN
7632,AHH-PA
7633,KBSR
7634,INN-PE
7635,IRET
7636,BELFB
7637,GAM-PB
7638,IIPR-PA
7639,ATROB
7640,AMPS
7641,GTN-A
7642,GOLLQ
7643,SMBMF
7644,DEFTF
7645,MEOBF
7646,DRDGF
7647,KELYB
7648,DGICB
7649,CMRE-PB
7650,AGM-PD
7651,BH
7652,CMRE-PC
7653,CMRE-PD
7654,HLTC
7655,HVT-A
7656,ACCD
7657,HOVVB
7658,GGT-PE
7659,GGN-PB
7660,LGTY
7661,ARTNB
7662,BRSYF
7663,GAMI
7664,UMH-PD
7665,CUBI-PE
7666,ECCX
7667,CUBI-PF
7668,NCV-PA
7669,NEWTI
7670,PTCHF
7671,MITT-PA
7672,CRD-B
7673,OXLCO
7674,WBHC
7675,MITT-PB
7676,GMRE-PA
7677,LANDM
7678,SENEB
7679,SPLP-PA
7680,AIRTP
7681,THPTF
7682,GAINL
7683,AVHHL
7684,VSOGF
7685,GUT-PC
7686,CKDXF
7687,CNTHP
7688,CIO-PA
7689,IHRTB
7690,CNLPL
7691,NCZ-PA
7692,DFPH
7693,DSX-PB
7694,CNTHO
7695,ERLFF
7696,CHMI-PB
7697,CAS
7698,HAWLN
7699,FGPRB
7700,BHR-PD
7701,CNTHN
7702,SLNCF
7703,HAWEN
7704,CNLHO
7705,APLMW
7706,CPSR
7707,CNLHP
7708,ARCXF
7709,CNLTP
7710,BHR-PB
7711,CNLTL
7712,IPHYF
7713,CNPWM
7714,AHT-PD
7715,PRTHU
7716,CHMI-PA
7717,CNPWP
7718,LANDP
7719,CNLPM
7720,RVRF
7721,DOLLF
7722,CNLTN
7723,GSCCF
7724,ENO
7725,CORBF
7726,CNLHN
7727,AHT-PG
7728,AHT-PH
7729,IVEVF
7730,AHT-PF
7731,AHT-PI
7732,GDRZF
7733,SKGR
7734,SB-PD
7735,SB-PC
7736,EQC
7737,PIIVX
7738,EBRCZ
7739,IMRA
7740,NANX
7741,DLNG-PA
7742,NVNXF
7743,MOYFF
7744,CDR-PB
7745,AONC
7746,LTRPB
7747,CDR-PC
7748,BBXIB
7749,TDACU
7750,VRSSD
7751,ECF-PA
7752,RDIB
7753,FATBB
7754,SOHOO
7755,BCV-PA
7756,GLAC
7757,RGBPP
7758,GLU-PB
7759,PMHG
7760,GNTLF
7761,RLFTF
7762,WONDF
7763,ZHYBF
7764,AITR
7765,GSL-PB
7766,DLNG-PB
7767,MPVDF
7768,BKSC
7769,BCTF
7770,SOHOB
7771,SSHT
7772,SOHON
7773,ILLMF
7774,CULL
7775,EAXR
7776,CPTP
7777,TCBC
7778,GBBK
7779,MDNAF
7780,GWIN
7781,OFED
7782,UBOH
7783,ARRKF
7784,MTMV
7785,FFBW
7786,ZIVO
7787,CLRC
7788,OCGSF
7789,GFASY
7790,BCOW
7791,BBXIA
7792,LCHD
7793,SMTSF
7794,NZEOF
7795,CHTH
7796,AATC
7797,MSSA
7798,RLFTY
7799,MSVB
7800,CIZN
7801,DECA
7802,AVLNF
7803,IDWM
7804,NSRCF
7805,WSKEF
7806,SALM
7807,YQAI
7808,GBNY
7809,BIOE
7810,UONEK
7811,DSHK
7812,CNXX
7813,GWLL
7814,FBIOP
7815,ENDI
7816,TETAA
7817,OSBK
7818,HSTI
7819,WVVIP
7820,XTXXF
7821,RSCI
7822,INFT
7823,ARBKF
7824,EGRX
7825,YELLQ
7826,BQST
7827,FNCH
7828,ENZ
7829,WVFC
7830,IMUC
7831,PWCO
7832,WHLM
7833,TETAB
7834,AFGC
7835,BRCNF
7836,EXNRF
7837,NPLS
7838,CATG
7839,CYCCP
7840,SFES
7841,WHLRD
7842,GBCS
7843,SFWJ
7844,PMDI
7845,ODDAF
7846,SPTY
7847,ZKGCF
7848,PRNAF
7849,WBSR
7850,FZMD
7851,TVE
7852,ERKH
7853,MCLE
7854,BNSOF
7855,TVC
7856,LNDZF
7857,XELA
7858,PEV
7859,ATEK
7860,ARMC
7861,WINSF
7862,EVTK
7863,FGCO
7864,CJAX
7865,SGTM
7866,SCYYF
7867,CARA
7868,FULO
7869,GCEH
7870,SHVLF
7871,HGLD
7872,VQSSF
7873,VMNT
7874,SITS
7875,NMGX
7876,FBDS
7877,FALC
7878,SILEF
7879,EGLXF
7880,UCASU
7881,ADMQ
7882,BRRN
7883,MVCO
7884,GLUC
7885,SIPN
7886,JETR
7887,NXU
7888,CANB
7889,TCTM
7890,PNPL
7891,UCIX
7892,ATIP
7893,CANN
7894,CMOT
7895,WDLF
7896,RBCN
7897,PMEDF
7898,RSHN
7899,RSCF
7900,SWISF
7901,AMTY
7902,MTTCF
7903,TPHS
7904,AWH
7905,CAUD
7906,AMMX
7907,HALB
7908,JSHG
7909,RBTC
7910,TGCB
7911,GEMZ
7912,TGNT
7913,FMNJ
7914,SMKG
7915,OMGAQ
7916,FTRS
7917,VCNX
7918,LTES
7919,CETXP
7920,DTGI
7921,SRMX
7922,CAPV
7923,GRDAF
7924,ALID
7925,JRSS
7926,ELRA
7927,GPFT
7928,SNNC
7929,TKOI
7930,SVVC
7931,SNWR
7932,TBIO
7933,PWDY
7934,AGNPF
7935,BYOC
7936,DCSX
7937,SYRA
7938,PAANF
7939,RDAR
7940,VINC
7941,ACRL
7942,IGPK
7943,WHLRP
7944,BDRL
7945,TNBI
7946,AFIB
7947,AXIM
7948,TRCC
7949,MOBBW
7950,CRTD
7951,RTON
7952,VNUE
7953,IMPM
7954,CGAC
7955,GYST
7956,KGKG
7957,WNFT
7958,SONX
7959,SIRC
7960,JPPYY
7961,SPQS
7962,TPTW
7963,SYRS
7964,GMZP
7965,TLSS
7966,MGHL
7967,EHVVF
7968,LEJUY
7969,ELST
7970,IWAL
7971,CMGO
7972,MMMW
7973,VINOQ
7974,TLIF
7975,GMBL
7976,CBNT
7977,BMXC
7978,FKST
7979,KATX
7980,INNI
7981,TKMO
7982,USDP
7983,PHBI
7984,CBGL
7985,SNPW
7986,GYGC
7987,NTRR
7988,BRGO
7989,APSI
7990,BKGM
7991,SHGI
7992,CDSG
7993,ENDV
7994,PLPL
7995,EDGM
7996,OXBRW
7997,KRBP
7998,GSPI
7999,KITL
8000,MASN
8001,DPUI
8002,CUTRQ
8003,PIKM
8004,ECOX
8005,MLLOF
8006,CLCS
8007,WTII
8008,SNHO
8009,KOAN
8010,FAVO
8011,GIPL
8012,DWAY
8013,RTSL
8014,GXXM
8015,ESSI
8016,XNDA
8017,ALPP
8018,TKLS
8019,ECXJ
8020,SINC
8021,RNGC
8022,ASPU
8023,KDCE
8024,BZRD
8025,WTER
8026,SMFL
8027,BAC-PL
8028,BAC-PM
8029,MER-PK
8030,HGASW
8031,BANC-PF
8032,BAC-PN
8033,BAC-PO
8034,BAC-PP
8035,BAC-PQ
8036,BAC-PS
8037,BACRP
8038,KORGW
8039,RPT-PC
8040,RAC-UN
8041,BFS-PE
8042,LTAFX
8043,LTCFX
8044,AFBL
8045,LUCYW
8046,VLYPN
8047,LMMY
8048,PLSAY
8049,NVAWW
8050,NVAAF
8051,FCUL
8052,BKSY-WT
8053,KFIIR
8054,KFIIU
8055,JVSAR
8056,JVSAU
8057,WFC-PD
8058,WFC-PZ
8059,WFCNP
8060,WFC-PA
8061,QSEAU
8062,FSEN
8063,BRZHW
8064,BRZHR
8065,HCIIP
8066,VNO-PN
8067,VNO-PO
8068,HWM-P
8069,CMPOW
8070,MCAGR
8071,MCAGU
8072,ASPCU
8073,ASPCR
8074,BHLWQ
8075,RJF-PB
8076,DX-PC
8077,LPAAU
8078,LPAAW
8079,TPGXL
8080,IONQ-WT
8081,SRRIX
8082,NNDNF
8083,LANDO
8084,EXEEZ
8085,EXEEW
8086,EXEEL
8087,CCIA
8088,AYWWF
8089,ATNFW
8090,AREBW
8091,BTBDW
8092,AGNCO
8093,AGNCP
8094,AGNCL
8095,EICA
8096,EICC
8097,EICB
8098,JPM-PJ
8099,JPM-PK
8100,JPM-PL
8101,JPM-PM
8102,VYLD
8103,AMJB
8104,WELWF
8105,WELUF
8106,WCC-PA
8107,XBPEW
8108,TDBCP
8109,TDOMF
8110,TDBKF
8111,AISPW
8112,PORTW
8113,PORTU
8114,INN-PF
8115,NWTNW
8116,SAIHW
8117,OWLTW
8118,XXAAU
8119,AACT-WT
8120,AACT-UN
8121,MDCXW
8122,GIPRW
8123,SOJD
8124,SOJE
8125,SOJF
8126,BIAFW
8127,CDZIP
8128,GRRRW
8129,TCBWF
8130,CTO-PA
8131,ATIIU
8132,ATIIW
8133,SVCCW
8134,SVCCU
8135,BUJAR
8136,BUJAW
8137,BUJAU
8138,TGAWF
8139,TGAUF
8140,HONDW
8141,KVACU
8142,KVACW
8143,PREJF
8144,LCFYW
8145,CIMN
8146,CIMO
8147,HONDU
8148,CNROX
8149,LGHLW
8150,GFRWF
8151,SLND-WT
8152,INVZW
8153,QSIAW
8154,MRNOW
8155,BPOPM
8156,EFSCP
8157,OSRHW
8158,ATLEW
8159,FOXXW
8160,ESGLW
8161,SLXNW
8162,ADC-PA
8163,OPADW
8164,CLGDF
8165,CEROW
8166,NVNBW
8167,FRMEP
8168,FGIWW
8169,WSBCP
8170,GOVXW
8171,SSSSL
8172,AIFEU
8173,AIFER
8174,RANGR
8175,RANGU
8176,JOBY-WT
8177,RBTCW
8178,AHL-PE
8179,AHL-PF
8180,GMTH
8181,HYAC-WT
8182,HYAC-UN
8183,MSOGF
8184,BLUAW
8185,BLUVF
8186,BFRIW
8187,COEPW
8188,XOSWW
8189,HSPOR
8190,HSPOU
8191,HSPOW
8192,TNONW
8193,BESS
8194,NCPLW
8195,PSQH-WT
8196,CLSKW
8197,NUWEW
8198,DMYY-UN
8199,DMYY-WT
8200,RBMCF
8201,RBCPF
8202,RYLBF
8203,EDBLW
8204,BGFR
8205,SPKLU
8206,SPKLW
8207,BHACU
8208,BHACW
8209,QBTS-WT
8210,NWOEF
8211,HAIWF
8212,HAIUF
8213,NEHCW
8214,RILYG
8215,RILYK
8216,RILYL
8217,RILYN
8218,RILYP
8219,RILYT
8220,RILYZ
8221,USB-PS
8222,USB-PQ
8223,USB-PR
8224,SSST
8225,MCOMW
8226,SWAGW
8227,AIMDW
8228,VSSYW
8229,GGAUF
8230,GGAWF
8231,GBBKR
8232,GBBKW
8233,KWESW
8234,SKILW
8235,GEGGL
8236,DSYWW
8237,NFTM
8238,ARQQW
8239,SEAL-PA
8240,SEAL-PB
8241,LMND-WT
8242,TAVIU
8243,TAVIR
8244,TICAW
8245,DSAQW
8246,DSAQU
8247,STRF
8248,STRK
8249,PXSAW
8250,RGPX
8251,UCB-PI
8252,UYSCU
8253,XOMAO
8254,XOMAP
8255,FTIIU
8256,FTIIW
8257,OTRKP
8258,LFMDP
8259,WRB-PF
8260,WRB-PG
8261,WRB-PH
8262,BETRW
8263,MINR
8264,CCIRW
8265,CCIRU
8266,OXLCG
8267,OXLCI
8268,NUKKW
8269,HSPTR
8270,HSPTU
8271,OXLCP
8272,OXLCZ
8273,OXLCL
8274,OXLCN
8275,ZRCN
8276,FUFUW
8277,PPYAU
8278,PPYAW
8279,BODYW
8280,ABLVW
8281,NGHI
8282,NYMTZ
8283,NYMTL
8284,NYMTM
8285,NYMTI
8286,NYMTG
8287,EIOAX
8288,BAYAU
8289,BAYAR
8290,VRMEW
8291,PTCCY
8292,ATHS
8293,ATH-PB
8294,ATH-PC
8295,ATH-PD
8296,ATH-PE
8297,CDIOW
8298,ALVOW
8299,NOEMW
8300,NOEMU
8301,NOEMR
8302,BAERW
8303,CCIXU
8304,CCIXW
8305,MGNC
8306,SOCGM
8307,VAL-WT
8308,MACIW
8309,MACIU
8310,OCCIN
8311,OCCIO
8312,OCCIM
8313,CTRVP
8314,BEIGF
8315,FRBP
8316,RSVRW
8317,WELPM
8318,BZFDW
8319,KGCRF
8320,MSSAR
8321,MSSRF
8322,MSSAU
8323,MSSAW
8324,MSSUF
8325,MSSWF
8326,AUB-PA
8327,FRTSF
8328,FTPSF
8329,SBCWW
8330,FORFF
8331,FTRSF
8332,ARBKL
8333,AITRR
8334,AITRU
8335,TFINP
8336,ALCYW
8337,ALCYU
8338,BPYPM
8339,BPYPN
8340,BPYPO
8341,AGM-PE
8342,AGM-PF
8343,AGM-PG
8344,MVSTW
8345,ELPC
8346,GLEI
8347,SQFTP
8348,SQFTW
8349,NXPLW
8350,CDTTW
8351,RITM-PA
8352,RITM-PB
8353,RITM-PC
8354,RITM-PD
8355,CBDBY
8356,HUBCW
8357,HUBCZ
8358,HSDTW
8359,MFA-PC
8360,MFAN
8361,MFAO
8362,CELG-RI
8363,ANKM
8364,MAQCU
8365,MAQCW
8366,DCOMP
8367,DCOMG
8368,RHEPA
8369,RHEPB
8370,AUROW
8371,GROVW
8372,SVIIR
8373,SVIIU
8374,SVIIW
8375,ECCC
8376,ECC-PD
8377,ECCV
8378,ECCF
8379,ECCU
8380,ECCW
8381,TDS-PU
8382,TDS-PV
8383,RZC
8384,SHFSW
8385,EVLVW
8386,LLYVA
8387,LLYVB
8388,LLYVK
8389,EMRPF
8390,EMRJF
8391,EMICF
8392,CRESW
8393,PRIF-PD
8394,PRIF-PF
8395,PRIF-PH
8396,PRIF-PI
8397,PRIF-PJ
8398,PRIF-PK
8399,PRIF-PL
8400,OPP-PA
8401,OPP-PB
8402,OPP-PC
8403,GRBK-PA
8404,RFL-WT
8405,PNFPP
8406,BSTT
8407,PLMKW
8408,FBRT-PE
8409,PLMKU
8410,HMELF
8411,BZAIW
8412,SEATW
8413,TOIIW
8414,CNDAW
8415,CNDAU
8416,TCNCF
8417,TRPRF
8418,TCEYF
8419,TRPPF
8420,TRPEF
8421,TCENF
8422,PSEC-PA
8423,LANV-WT
8424,RAJAF
8425,AMUB
8426,BDCX
8427,BDCZ
8428,CEFD
8429,UCIB
8430,USML
8431,PFFL
8432,QULL
8433,SCDL
8434,SMHB
8435,MLPB
8436,MLPR
8437,MTUL
8438,MVRL
8439,HDLB
8440,IFED
8441,IWDL
8442,IWFL
8443,IWML
8444,GLP-PB
8445,NCNWF
8446,CPER
8447,CNOBP
8448,GLLIR
8449,GLLIU
8450,GLLIW
8451,KDLYW
8452,DJTWW
8453,OCEAW
8454,ATMP
8455,BWVTF
8456,COWTF
8457,DJP
8458,GBUG
8459,VXZ
8460,TAPR
8461,VXX
8462,GRN
8463,JJCTF
8464,JJETF
8465,JJGTF
8466,PGMFF
8467,AFGD
8468,AFGE
8469,NTRSO
8470,RWT-PA
8471,RWTN
8472,RWTP
8473,RWTO
8474,FATBP
8475,FATBW
8476,PSA-PI
8477,AFGB
8478,PSA-PF
8479,PSA-PG
8480,GIGGU
8481,GIGGW
8482,APOS
8483,LIXTW
8484,DFLIW
8485,LOCLW
8486,ICUCW
8487,POWWP
8488,PSA-PL
8489,PSA-PM
8490,PSA-PN
8491,PSA-PO
8492,PSA-PP
8493,PSA-PQ
8494,PSA-PR
8495,PSA-PS
8496,PSA-PJ
8497,FOSLL
8498,TIPLX
8499,BERZ
8500,NMHIW
8501,PNMXO
8502,SSTPW
8503,EP-PC
8504,SPE-PC
8505,OABIW
8506,BNKD
8507,BNKU
8508,BULZ
8509,FNGA
8510,CARD
8511,CARU
8512,WTID
8513,WTIU
8514,FNGB
8515,JETU
8516,JETD
8517,NRGD
8518,NRGU
8519,OILD
8520,OILU
8521,SHNY
8522,FNGO
8523,FNGS
8524,GDXD
8525,GDXU
8526,DULL
8527,FLYD
8528,FLYU
8529,ORANY
8530,HHEGF
8531,PHYWF
8532,PHYUF
8533,BKHAU
8534,BKHAR
8535,HMLPF
8536,RCIAX
8537,ATGAF
8538,ATGPF
8539,PETWW
8540,CTSUF
8541,CTSWF
8542,ATIPW
8543,CHSCL
8544,CHSCM
8545,CHSCN
8546,CHSCO
8547,CCGWW
8548,GLCP
8549,PAVMZ
8550,DUKB
8551,JXN-PA
8552,CCLDO
8553,ARES-PB
8554,EURKR
8555,EURKU
8556,VBIXD
8557,RUMBW
8558,PW-PA
8559,PAAPU
8560,MLCMF
8561,BSLKW
8562,ISMCF
8563,TLPPF
8564,ACGLN
8565,LFT-PA
8566,FMCKK
8567,FREJP
8568,CAPTW
8569,MHNC
8570,OKMN
8571,LGNDZ
8572,LGNXZ
8573,LGNYZ
8574,LGNZZ
8575,STSR
8576,CICB
8577,ATCOL
8578,ATCO-PD
8579,ATCO-PH
8580,POLEU
8581,POLEW
8582,LSBPW
8583,MSPRW
8584,MSPRZ
8585,CODI-PC
8586,SENEM
8587,SENEL
8588,FIISO
8589,FIISP
8590,DSHKN
8591,DSHKO
8592,DSHKP
8593,BCEFF
8594,BCEPF
8595,BCEXF
8596,BCENF
8597,BCEIF
8598,BCPPF
8599,BBLGW
8600,YHNAR
8601,YHNAU
8602,BCAEF
8603,REGCO
8604,REGCP
8605,AMODW
8606,NHICU
8607,NHICW
8608,NKGNW
8609,JWSUF
8610,JWSWF
8611,ESHAR
8612,SUACU
8613,SUACW
8614,WAFDP
8615,OPFI-WT
8616,HVIIR
8617,HVIIU
8618,RCKTW
8619,LEVWQ
8620,LEGWQ
8621,PPLOF
8622,PMBPF
8623,PMMBF
8624,PPLAF
8625,PBNAF
8626,SSRGF
8627,UNTCW
8628,ANNAW
8629,FCNCO
8630,FCNCP
8631,RAINW
8632,CLDT-PA
8633,NXDT-PA
8634,NBRWF
8635,PIIIW
8636,FERAU
8637,HOFVW
8638,ARR-PC
8639,GELPP
8640,NPPXF
8641,DRTSW
8642,PSPX
8643,SNNRF
8644,SNRBY
8645,TOGIW
8646,OXY-WT
8647,MTEKW
8648,ZNOGW
8649,PDPA
8650,AOMN
8651,PFH
8652,PRH
8653,PRS
8654,CUBB
8655,LEGT-UN
8656,LEGT-WT
8657,KMFG
8658,WLSS
8659,GSRTU
8660,GSRTR
8661,LOTWW
8662,HTZWW
8663,TALKW
8664,WBUYD
8665,NTWOW
8666,MACT
8667,NTWOU
8668,REXR-PC
8669,GIGGF
8670,PFXNZ
8671,ABLLL
8672,ABLLW
8673,NEE-PN
8674,NEE-PS
8675,NEE-PT
8676,NEE-PR
8677,MGTEW
8678,KACRF
8679,KACUF
8680,HPE-PC
8681,KACWF
8682,CSLRW
8683,COCHW
8684,ATLCL
8685,ATLCP
8686,ATLCZ
8687,ALB-PA
8688,SIGIP
8689,FAXRF
8690,BNZIW
8691,ONMDW
8692,GHBWF
8693,STRRP
8694,MPLXP
8695,PMTV
8696,PMTU
8697,PMT-PC
8698,AIMAU
8699,AIMAW
8700,AIMBU
8701,ENGNW
8702,ISRLU
8703,ISRLW
8704,TCRG
8705,METCL
8706,METCB
8707,METCZ
8708,VHAIW
8709,VHABW
8710,AACBR
8711,AACBU
8712,RDZNW
8713,ATMCR
8714,ATMCU
8715,ATMCW
8716,GRABW
8717,DMAAU
8718,DMAAR
8719,AAM-WT
8720,AAM-UN
8721,EVTWF
8722,GDEVW
8723,BBAI-WT
8724,ITOR
8725,CNXXW
8726,MGSD
8727,GAFC
8728,AFJKR
8729,AFJKU
8730,ICNP
8731,ICCRW
8732,FGMCU
8733,FGMCR
8734,FULTP
8735,SLNHP
8736,HWLDF
8737,TOROV
8738,WLACU
8739,WLACW
8740,AMPGW
8741,PSOIX
8742,SYTAW
8743,GLADZ
8744,NNAVW
8745,NXNVW
8746,NREF-PA
8747,ENSCW
8748,RELIW
8749,DTEAF
8750,CREVW
8751,MBAVU
8752,MBAVW
8753,RF-PE
8754,RF-PF
8755,ABR-PD
8756,ABR-PE
8757,ABR-PF
8758,SHMDW
8759,ZTOEF
8760,CCNEP
8761,CIVII
8762,CUBWW
8763,CUBWU
8764,DESLF
8765,FVNNU
8766,FVNNR
8767,IROHR
8768,IROHW
8769,IROHU
8770,RFAIU
8771,RFAIR
8772,BCTXW
8773,BWNB
8774,BW-PA
8775,BWSN
8776,HNNAZ
8777,RMCOW
8778,HWCPZ
8779,LNZAW
8780,NEWTZ
8781,NEWTH
8782,NEWTG
8783,DATSW
8784,FITBO
8785,FITBP
8786,ENBFF
8787,FMSTW
8788,ML-WT
8789,OUSTZ
8790,OUSTW
8791,FOACW
8792,SXTPW
8793,STXYF
8794,EBGEF
8795,EBRGF
8796,EBRZF
8797,AFRIW
8798,EBBGF
8799,ENBOF
8800,ENBSF
8801,ENBNF
8802,ENBHF
8803,ENBMF
8804,ENBGF
8805,ENBRF
8806,ENNPF
8807,DSX-WT
8808,INBKZ
8809,KITTW
8810,TRINI
8811,AILIO
8812,AILIP
8813,TRINZ
8814,RWAYL
8815,RWAYZ
8816,BNAIW
8817,SWKHL
8818,COLAU
8819,COLAR
8820,LGSP
8821,ALFUW
8822,ALFUU
8823,WYTC
8824,ADNWW
8825,TBLAW
8826,RENEW
8827,RENEU
8828,MDV-PA
8829,RPDL
8830,KPLTW
8831,TANAF
8832,OCFCP
8833,GPMT-PA
8834,WAL-PA
8835,SKMTF
8836,UKOMW
8837,DDT
8838,LBRDP
8839,WHLRL
8840,CFG-PE
8841,CFG-PH
8842,MAJI
8843,ACP-PA
8844,ASBPW
8845,GECCI
8846,GECCH
8847,GECCO
8848,GECCZ
8849,NIVFW
8850,EOSEW
8851,FACTW
8852,FACTU
8853,CLBR-UN
8854,CLBR-WT
8855,CMSC
8856,CMSD
8857,CMS-PC
8858,NVVEW
8859,AMBP-WT
8860,FLDDW
8861,NELR
8862,MNLCF
8863,MNQFF
8864,MNUFF
8865,ALDFU
8866,ALDFW
8867,BFRGW
8868,STSSW
8869,SVIX
8870,UVIX
8871,MYPSW
8872,ET-PI
8873,DHAIW
8874,OCSAW
8875,FTAIM
8876,FTAIN
8877,LIANY
8878,STNDF
8879,SNTUF
8880,LPBBW
8881,LPBBU
8882,GSHRU
8883,NPWR-WT
8884,RZLVW
8885,PERF-WT
8886,SES-WT
8887,TRLC
8888,TRIC
8889,ALTG-PA
8890,NESRW
8891,HNIT
8892,UHGI
8893,YCBD-PA
8894,LNC-PD
8895,WTFCP
8896,RRAUF
8897,AOGOU
8898,AOGOW
8899,VENAF
8900,HBANL
8901,HBANM
8902,CRBD
8903,RRAWF
8904,FAASW
8905,OFSSH
8906,BNIXR
8907,BNIXW
8908,SKYH-WT
8909,AONCW
8910,LZM-WT
8911,MNESP
8912,RLNDF
8913,SHOTW
8914,AERTW
8915,RVSNW
8916,KIM-PN
8917,TLGWF
8918,TLGUF
8919,HFRO-PA
8920,HFRO-PB
8921,VGASW
8922,DYNXW
8923,DYNXU
8924,AQUNR
8925,AQUNU
8926,SOUL-UN
8927,LFLYW
8928,UNOV
8929,CEADW
8930,BURUW
8931,CTTRF
8932,VEEAW
8933,CORZW
8934,CORZZ
8935,CORZR
8936,BEPH
8937,BEPI
8938,BEP-PA
8939,BRENF
8940,BEPJ
8941,UEPCO
8942,MNTSW
8943,LLOBF
8944,CLDWW
8945,AMPX-WT
8946,PTIXW
8947,ARBEW
8948,CGBSW
8949,BWBBP
8950,JFBRW
8951,WINTW
8952,GCMGW
8953,FLG-PU
8954,FLG-PA
8955,SLDPW
8956,VJTTY
8957,SVREW
8958,FCELB
8959,EPR-PC
8960,EPR-PE
8961,JAGL
8962,HPP-PC
8963,FRSPF
8964,C-PN
8965,KPHMW
8966,ANG-PD
8967,ANG-PB
8968,CHEB-WT
8969,CHEB-UN
8970,MTB-PH
8971,MTB-PJ
8972,OZKAP
8973,BCKIF
8974,EBCOF
8975,RDPTF
8976,FCREX
8977,CANE
8978,CORN
8979,SOYB
8980,TAGS
8981,WEAT
8982,SREA
8983,MIBE
8984,ADSEW
8985,ABPWW
8986,DNABW
8987,TNMWF
8988,PBMWW
8989,PUCKU
8990,PUCKW
8991,NXGLW
8992,MOBQW
8993,LEXXW
8994,NHPBP
8995,NZEOY
8996,CJRCF
8997,MHGUP
8998,VODAF
8999,MITT-PC
9000,MITN
9001,MITP
9002,PGYWW
9003,BLDEW
9004,QVCC
9005,KHOB
9006,TE-WT
9007,XCAPX
9008,SQLLW
9009,FNVWF
9010,FNVUF
9011,BOH-PA
9012,BOH-PB
9013,CUYTF
9014,OAKUW
9015,OAKUU
9016,OAKUR
9017,CPPTL
9018,GOODN
9019,GOODO
9020,GB-WT
9021,LENDX
9022,DHCNI
9023,DHCNL
9024,IRS-WT
9025,GDSTR
9026,GDSTU
9027,GDSTW
9028,SAT
9029,SAY
9030,SAZ
9031,SAJ
9032,TMCWW
9033,EUDAW
9034,SKLTF
9035,IHICF
9036,BAKR
9037,SMSOF
9038,SEPSF
9039,YKLTF
9040,ALMP
9041,WHFCL
9042,MSEXP
9043,INVUP
9044,ISPOW
9045,BSIIW
9046,BSIIU
9047,VLN-WT
9048,BIPH
9049,BIPI
9050,BIP-PA
9051,BIP-PB
9052,BRIPF
9053,BIPJ
9054,SKGRU
9055,SKGRW
9056,NXLIW
9057,RMXI
9058,PITAW
9059,RMSGW
9060,HACBF
9061,BLFBY
9062,BAFBF
9063,NWSZF
9064,BRQL
9065,CRMLW
9066,BHFAM
9067,BHFAN
9068,BHFAO
9069,VMCWF
9070,VMCUF
9071,FCRX
9072,NRSNW
9073,HOLOW
9074,NRSAX
9075,GROY-WT
9076,BHLD
9077,FEAV
9078,ARKOW
9079,LUXHP
9080,USGOW
9081,NSA-PB
9082,FSHPR
9083,FSHPU
9084,HOVRW
9085,BYNOU
9086,BYNOW
9087,XELAP
9088,BTMWW
9089,EGUVF
9090,EGSVF
9091,WBS-PG
9092,QTIWW
9093,TCMEF
9094,JETBF
9095,VCMIX
9096,RBOT-WT
9097,NSARO
9098,NSARP
9099,ANGHW
9100,ZNKUF
9101,OPINL
9102,AMLIF
9103,LOKVU
9104,YMHAY
9105,GWLPF
9106,GRWLF
9107,GRWTF
9108,MBUMF
9109,XALCX
9110,CADE-PA
9111,MDAIW
9112,EVGOW
9113,F-PB
9114,F-PC
9115,F-PD
9116,CNFRZ
9117,AP-WT
9118,TBMCR
9119,SNV-PE
9120,OWSCX
9121,HLLY-WT
9122,BENFW
9123,DC-WT
9124,FUPPF
9125,SBXD-UN
9126,SBXD-WT
9127,TLSIW
9128,NTRBW
9129,FGBIP
9130,BANFP
9131,IDKOF
9132,BYCBF
9133,FNMAP
9134,BCGWW
9135,HUMAW
9136,EGTYD
9137,GFSAY
9138,SCLXW
9139,KUSA
9140,GWH-WT
9141,VACHU
9142,VACHW
9143,IGTAR
9144,IGTAU
9145,IGTAW
9146,ILLRW
9147,RDACR
9148,RDACU
9149,CWLXF
9150,ASCIX
9151,MSBIP
9152,VFSWW
9153,EQV-WT
9154,EQV-UN
9155,TVGNW
9156,RMHI
9157,WLLBW
9158,GDLG
9159,LIDRW
9160,BEATW
9161,TCBIO
9162,MET-PF
9163,T-PA
9164,T-PC
9165,RIBBU
9166,FORLU
9167,FORLW
9168,IHETW
9169,IRAAU
9170,IRAAW
9171,RIBBR
9172,FBYDW
9173,DBRG-PH
9174,DBRG-PI
9175,DBRG-PJ
9176,ODVWZ
9177,AVPTW
9178,CYCUW
9179,CSDX
9180,CGBDL
9181,COOTW
9182,CADCX
9183,ETWOW
9184,BXNCP
9185,ACLEW
9186,BKKT-WT
9187,NLY-PI
9188,MPLNW
9189,FHN-PB
9190,FHN-PC
9191,FHN-PE
9192,FHN-PF
9193,EVEX-WT
9194,DTLAP
9195,CPRDX
9196,GLDI
9197,SLVO
9198,USOI
9199,BRLSW
9200,BDRY
9201,BWET
9202,HPKEW
9203,BFLY-WT
9204,ADVWW
9205,ZIVOW
9206,NEOVW
9207,ZAPPW
9208,ICRP
9209,LILWF
9210,SATLW
9211,GMBLP
9212,GMBLW
9213,GMBLZ
9214,ACONW
9215,COBA
9216,TFLM
9217,SNCRL
9218,SVUWF
9219,TDACW
9220,GAINN
9221,GAINZ
9222,GAINI
9223,FGFPP
9224,HAWLI
9225,HAWLL
9226,HAWLM
9227,HAWEM
9228,GFAIW
9229,NRXPW
9230,CSTUF
9231,CSTWF
9232,GNL-PB
9233,GNL-PE
9234,GNL-PD
9235,RCD
9236,CLNNW
9237,RNR-PG
9238,HROWL
9239,HROWM
9240,TRSO
9241,RCB
9242,RCC
9243,RC-PC
9244,RC-PE
9245,ONFOW
9246,ONFOP
9247,ALL-PI
9248,ALL-PJ
9249,ALSUF
9250,ALSTF
9251,ALSWF
9252,BA-PA
9253,SBEV-WT
9254,ZCARW
9255,WINVR
9256,WINVU
9257,WINVW
9258,SPNT-PB
9259,SSPFF
9260,PLMUF
9261,PLMWF
9262,AEAEU
9263,AEAEW
9264,GSCE
9265,KEY-PL
9266,PRENW
9267,MMVXF
9268,NXPT
9269,EPDU
9270,PDYNW
9271,ECXWW
9272,CHNEY
9273,TMSOF
9274,GTECW
9275,GSTK
9276,PDSKX
9277,CRTDW
9278,NAMSW
9279,PETVW
9280,KARX
9281,CXAIW
9282,SDAWW
9283,DGP
9284,DGZ
9285,DEENF
9286,ADZCF
9287,DZZ
9288,OLOXF
9289,KLTOW
9290,ACHR-WT
9291,IMAQR
9292,IMAQU
9293,IMAQW
9294,CCLFX
9295,APCXW
9296,WBX-WT
9297,MLACU
9298,MLACR
9299,SPMA
9300,INTEU
9301,INTEW
9302,UWMC-WT
9303,ALXY
9304,MRKY
9305,ATEKU
9306,ATEKW
9307,COF-PI
9308,COF-PJ
9309,COF-PK
9310,COF-PL
9311,COF-PN
9312,PNSTW
9313,HCVIU
9314,HCVIW
9315,SCE-PM
9316,SCE-PG
9317,SCE-PJ
9318,SCE-PK
9319,SCE-PL
9320,SCE-PN
9321,CVE-WT
9322,CNVEF
9323,DNMWQ
9324,CGABL
9325,VSTEW
9326,AIRJW
9327,WTMAR
9328,WTMAU
9329,NVNIW
9330,MBINL
9331,ZEOWW
9332,LVWR-WT
9333,AENTW
9334,TSPH
9335,ASB-PF
9336,HPAIW
9337,ASBA
9338,DRMAW
9339,MLECW
9340,XFLT-PA
9341,DISTR
9342,DISTW
9343,NIOBW
9344,AEFC
9345,MNSBP
9346,MBNKP
9347,UCO
9348,CEDAX
9349,NE-WTA
9350,NE-WT
9351,NBLWF
9352,GLSTR
9353,GLSTU
9354,GLSTW
9355,SZZLU
9356,AGQ
9357,BOIL
9358,EUO
9359,GLL
9360,KOLD
9361,YCS
9362,ZSL
9363,UGL
9364,ULE
9365,UVXY
9366,VIXM
9367,VIXY
9368,YCL
9369,SCO
9370,TFC-PI
9371,TFC-PO
9372,TFC-PR
9373,RVMDW
9374,GGROW
9375,ARGD
9376,ARGO-PA
9377,SBIGW
9378,JOCM
9379,UMBFP
9380,LGL-WT
9381,PSFE-WT
9382,BARK-WT
9383,ASTLW
9384,MBINM
9385,MBINN
9386,GPATW
9387,GPATU
9388,ASCWF
9389,ASCRF
9390,ASUUF
9391,ATCHW
9392,MCHPP
9393,NICHX
9394,SACH-PA
9395,SCCC
9396,SCCD
9397,SCCE
9398,SCCF
9399,SCCG
9400,RIV-PA
9401,ALUR-WT
9402,PEB-PG
9403,PEB-PH
9404,YOTAR
9405,YOTAU
9406,YOTAW
9407,CHARR
9408,CHARU
9409,NUVWQ
9410,OBTC
9411,NLSPW
9412,GDHLF
9413,TDDWW
9414,TDGMW
9415,SOARW
9416,DTSQR
9417,DTSQU
9418,UZF
9419,UZD
9420,UZE
9421,DAVEW
9422,QLUNF
9423,ACR-PC
9424,ACR-PD
9425,GLTK
9426,FOXOW
9427,BK-PK
9428,TBNRL
9429,TACHU
9430,RNWWW
9431,CRTUF
9432,CRTWF
9433,AEVAW
9434,DTG
9435,DTB
9436,GAB-PK
9437,CBRGF
9438,CBRRF
9439,EFC-PA
9440,EFC-PB
9441,EFC-PC
9442,EFC-PD
9443,SBFMW
9444,HTFB
9445,HTFC
9446,QVCGP
9447,QVCGB
9448,TRTN-PB
9449,TRTN-PC
9450,TRTN-PD
9451,TRTN-PE
9452,TRTN-PF
9453,IVCAU
9454,IVCAW
9455,KKRS
9456,KKR-PD
9457,BAMKF
9458,BKAMF
9459,BKFAF
9460,BKFPF
9461,CELUW
9462,CINGW
9463,PL-WT
9464,DTSTW
9465,CSWCZ
9466,BKFDF
9467,BKFOF
9468,BRPSF
9469,BNH
9470,BNJ
9471,BROXF
9472,BXDIF
9473,BRCFF
9474,KTTAW
9475,SWVLW
9476,NETDW
9477,NETDU
9478,RGTIW
9479,QETAU
9480,QETAR
9481,IMPPP
9482,PTNRF
9483,WALDW
9484,TRTX-PC
9485,SIMAW
9486,SIMAU
9487,GCTS-WT
9488,SLMUF
9489,SLMWF
9490,LARAX
9491,PCG-PX
9492,MNYWW
9493,XAEIU
9494,VSEEW
9495,SF-PC
9496,SFB
9497,ZIONP
9498,GREEL
9499,SF-PD
9500,IINNW
9501,USARW
9502,MSAIW
9503,FGN
9504,FGSN
9505,AERGP
9506,TSLTF
9507,TACPF
9508,TRNTF
9509,PMVCW
9510,PMVCD
9511,AUUDW
9512,MGR
9513,MGRE
9514,MGRB
9515,MGRD
9516,JSPRW
9517,KIDZW
9518,WOLTF
9519,SRKKS
9520,CURIW
9521,LTRYW
9522,UHGWW
9523,CSLUF
9524,CSLRF
9525,CSLWF
9526,LTSV
9527,EQH-PA
9528,EQH-PC
9529,SMXWW
9530,SABSW
9531,TOYWF
9532,VFLEX
9533,LVROW
9534,RCFWF
9535,HSCSW
9536,RCFUF
9537,GGBY
9538,GOEWQ
9539,NEMCL
9540,CAPNU
9541,CAPNR
9542,DLR-PL
9543,SONDW
9544,XAGEW
9545,DRH-PA
9546,BEAGR
9547,BEAGU
9548,MOVAA
9549,ABVEW
9550,OUTFF
9551,SHO-PH
9552,SHO-PI
9553,ONBPO
9554,ONBPP
9555,GRAF-WT
9556,MAPSW
9557,INPAP
9558,OPTXW
9559,DECAW
9560,MKDWW
9561,HTOOW
9562,GTLS-PB
9563,BOWNR
9564,BOWNU
9565,GDV-PK
9566,CLRCR
9567,CLRCW
9568,CLRRF
9569,CLRUF
9570,CLRWF
9571,FSREM
9572,FSREI
9573,VCRRX
9574,ASAIY
9575,FILG
9576,SYF-PA
9577,SYF-PB
9578,FIGP
9579,PVOZ
9580,IRRXU
9581,IRRXW
9582,RBNEV
9583,BACQU
9584,BACQR
9585,HIPOW
9586,GLU-PA
9587,ANSCU
9588,ANSCW
9589,CTDD
9590,LDTCW
9591,SCHW-PJ
9592,PMFAX
9593,EMCGR
9594,EMCGU
9595,EMCGW
9596,VIASP
9597,HYMCL
9598,HYMCW
9599,MFICL
9600,GNT-PA
9601,CDAWF
9602,CDAUF
9603,CDROW
9604,JQCNR
9605,NIXXW
9606,RVPHW
9607,ORIB
9608,VLDXW
9609,WSUPW
9610,IVDAW
9611,HLGNW
9612,SLFQF
9613,SLFIF
9614,SUNFF
9615,REVBW
9616,NXNT
9617,NGKSF
9618,BDMDW
9619,NTTDF
9620,NMKCP
9621,NMKBP
9622,NMPWP
9623,IXQUF
9624,IXQWF
9625,NEWEN
9626,MAYAU
9627,MAYAR
9628,NUVB-WT
9629,SRZNW
9630,FSBN
9631,GENVR
9632,GERNW
9633,KYFGF
9634,CRSLF
9635,CNCKW
9636,SHZNF
9637,DRDBU
9638,DRDBW
9639,CNO-PA
9640,MKFGW
9641,RDWQS
9642,FFAIW
9643,NVACR
9644,NVACW
9645,LSEAW
9646,BBAAY
9647,INVLW
9648,ECDAW
9649,FROPX
9650,ATMVR
9651,ATMVU
9652,AIZN
9653,GL-PD
9654,FLYX-WT
9655,WLDSW
9656,AQNB
9657,AGQPF
9658,EONR-WT
9659,BC-PA
9660,BC-PC
9661,LAWIL
9662,USTWF
9663,BTSGU
9664,NMFCZ
9665,CIFRW
9666,SOUNW
9667,CRGOW
9668,NOTE-WT
9669,WGSWW
9670,OXSQG
9671,OXSQZ
9672,KMPB
9673,GPUS-PD
9674,RENXF
9675,AMBI-WT
9676,KCLHF
9677,IMTXW
9678,KREF-PA
9679,DOLLD
9680,DYCQU
9681,DYCQR
9682,JACS-UN
9683,JACS-RI
9684,TEN-PE
9685,TEN-PF
9686,PAASF
9687,GGT-PG
9688,MOBXW
9689,SDSTW
9690,UUGWF
9691,PNDZF
9692,ZOOZW
9693,SNAXW
9694,CTLPP
9695,MSTLW
9696,MS-PQ
9697,MS-PO
9698,MS-PP
9699,MS-PL
9700,NMPGY
9701,NMPRY
9702,TETUF
9703,TETWF
9704,JTGLF
9705,GCLWW
9706,BULLZ
9707,BULLW
9708,SPHIF
9709,ELCPF
9710,ORGNW
9711,RONN
9712,PFFLX
9713,ESLAW
9714,CFR-PB
9715,LSEB
9716,IBACR
9717,PCTTU
9718,PCTTW
9719,VCICU
9720,VCICW
9721,VTBAS
9722,CPXTF
9723,BTGRF
9724,BTLWF
9725,DMXCF
9726,LVCE
9727,SDHIU
9728,OACCU
9729,OACCW
